total_cycles,user_cycles,segments,depth,pure_prove_duration,children_count,parent_count,descendants_count,receipt_size_kb,seal_size_kb,compression_duration,guest_io_read,guest_dependency_check,guest_severity_check,guest_merkle_io_read,guest_merkle_check,comp_name,cid
65536,28145,1,1,34192,0,1,0,216.150390625,216.048828125,0,11671,93,85,6138,443,backports-datetime-fromisoformat,QmQt9Y1HiikmzF1DHCSyYApqb9yZMBAWmKjxMjDhjxrEoa
65536,28113,1,1,34301,0,1,0,216.150390625,216.048828125,0,11639,93,85,6138,443,async-timeout,QmaLDRcUviNqvUTZYhQ5J5rB3jt6fDucoSewAHvNB5mkDy
65536,28310,1,6,34755,0,2,0,216.150390625,216.048828125,0,11836,93,85,6138,443,six,QmR1j3PPKnLiWLUpriuyg3scPgdpTSwMycoKgm6whJWiZX
65536,28318,1,1,34789,0,1,0,216.150390625,216.048828125,0,11844,93,85,6138,443,audioop-lts,QmbV4ucrZsvy726mW8xhcCppXXP9uRGSwXjqwMaFk5oqsb
65536,28096,1,6,35172,0,10,0,216.150390625,216.048828125,0,11622,93,85,6138,443,click,QmW4mr6uUbCKqdhia88psvPrVEB8oZpBjTy9fWBwcKqPH2
65536,28095,1,6,35431,0,26,0,216.150390625,216.048828125,0,11621,93,85,6138,443,packaging,QmbF1C2QHuhCPG9hqCcBtS9JJrtBmKuyeHACvmcFYC5dhF
65536,28094,1,2,35162,0,1,0,216.150390625,216.048828125,0,11620,93,85,6138,443,pathspec,QmdDhyLKZcFHD5CAHXEDqnEsMBCUzgJXXjzLvevcfKjBBR
65536,28136,1,3,35447,0,3,0,216.150390625,216.048828125,0,11662,93,85,6138,443,platformdirs,QmaHBq3jTePHS5VWvAbpbkoKLWhETsEvh2nwHViTyoFNJP
65536,28094,1,1,32900,0,1,0,216.150390625,216.048828125,0,11620,93,85,6138,443,cdifflib,QmQp48Fc1JrC71qF1PrDEdHKhmDRT764n98AzauMMH8fGg
65536,28106,1,1,35068,0,1,0,216.150390625,216.048828125,0,11632,93,85,6138,443,contourpy,QmckGv1VJmchjWEZFziW6L2BCMLnCjTb4j2QuV1w1UfnNj
65536,28106,1,1,35607,0,1,0,216.150390625,216.048828125,0,11632,93,85,6138,443,contourpy,QmeMmMwgV82SVswnbd5d5Yi1HCKG5h9mtHbZfTWJRTme5F
65536,27913,1,1,36908,0,1,0,216.150390625,216.048828125,0,11439,93,85,6138,443,coverage,QmdCDtBsREgG7FVnkShSrBS8EYq3uZEQUWzXKc9W2zVm2A
65536,28095,1,2,29959,0,1,0,216.150390625,216.048828125,0,11621,93,85,6138,443,pywin32,QmWVagpcdza7UGEJaHBwLKPKkWHwCAsRWeSvEiRwyLkAR2
65536,28316,1,2,31842,0,2,0,216.150390625,216.048828125,0,11842,93,85,6138,443,cuda-bindings,QmbwJbqmkpUq4VLBWa8PWASu5W767rdgupaHr7YBQc1TER
65536,28326,1,3,34435,0,3,0,216.150390625,216.048828125,0,11852,93,85,6138,443,cuda-pathfinder,QmXoJ65MWKZT5TVvVtu4zARdPV3tGdHESLpSkYgzj642Mv
65536,28106,1,1,39581,0,1,0,216.150390625,216.048828125,0,11632,93,85,6138,443,diskcache,QmbU25zqKpPGeok19gAxuqR7Vzdu5ZqT6hkz7HAK54JFqF
65536,27913,1,1,26880,0,1,0,216.150390625,216.048828125,0,11439,93,85,6138,443,docutils,QmaVsKCrLHNfZ5eXTpbUjSVq7g6o66mJEnSyb49E5GsANw
65536,28136,1,1,36034,0,1,0,216.150390625,216.048828125,0,11662,93,85,6138,443,editdistance,QmSWS6T9yQngx4enzzfmYbCJQmpj9n5rTB4pt7BJ4BXgft
65536,28316,1,1,36081,0,1,0,216.150390625,216.048828125,0,11842,93,85,6138,443,exceptiongroup,QmZ6tRh5fWQutsnpi5EPxoaQUDA6sDiEmxQdkcScVEVPfy
65536,28094,1,1,39090,0,1,0,216.150390625,216.048828125,0,11620,93,85,6138,443,greenlet,QmYhrPa2VW1dxFbhNSSCHCZnjnSPywJfrk41fK7Y912py6
65536,27913,1,1,28069,0,1,0,216.150390625,216.048828125,0,11439,93,85,6138,443,gunicorn,QmNzyErJtZEY8eLA5mdKdM8RbNQ87LEkk8k6xBGvWbRB6L
65536,28333,1,3,29848,0,2,0,216.150390625,216.048828125,0,11859,93,85,6138,443,antlr4-python3-runtime,Qmc8aHTFGKzAs6WkM552WXJrZTxzk1yfPd8aSgpFKJDKHL
65536,28299,1,1,33348,0,1,0,216.150390625,216.048828125,0,11825,93,85,6138,443,hf-xet,QmS2zYh14sdXtA4UqHBk4ce24nHLNK2yuvRrykMkkg1tPp
65536,28326,1,2,33541,0,2,0,216.150390625,216.048828125,0,11852,93,85,6138,443,more-itertools,QmfCrLibrrh6DgD39LmyXLy66Ye8nP8rrJ3xaXdAmA34aG
65536,28319,1,1,34318,0,1,0,216.150390625,216.048828125,0,11845,93,85,6138,443,ipython,QmQgRhRXmDFvKMQATP2uqzH4Rtqf6G6ZZy8vV7kzbqvbg6
65536,28319,1,1,32645,0,1,0,216.150390625,216.048828125,0,11845,93,85,6138,443,ipython,QmdVsTFKdTeayFbEY5HaQ1hiBrroZaWVk7sznbGW4Z9qui
65536,28319,1,1,35190,0,1,0,216.150390625,216.048828125,0,11845,93,85,6138,443,ipython,QmPsVJ3NxXyRDMnWHVEvGtrVxtxPMHQD63XVPJt93WJRiv
65536,28299,1,1,30232,0,1,0,216.150390625,216.048828125,0,11825,93,85,6138,443,isort,QmRGUx8wWSD2PKCd2X1qcFxpRpfVpdJeqC6yS9TLbrZCzk
65536,28343,1,1,32925,0,1,0,216.150390625,216.048828125,0,11869,93,85,6138,443,ipython-pygments-lexers,QmVDJ1dvCJZbw2nbdgLP4aucL3Nhx6VbxzcfSQvc6buEV2
65536,28299,1,1,34217,0,1,0,216.150390625,216.048828125,0,11825,93,85,6138,443,janome,QmZMva4M4LQ7rk9gvX2kWtzyzTjM2BXnPqDM6kBGbAPGij
65536,28096,1,2,34682,0,1,0,216.150390625,216.048828125,0,11622,93,85,6138,443,parso,QmRV2ny36RGxPQQqPFoTwmyACzuFpLvfXoFkYRg2CSc8Kn
65536,28299,1,1,33028,0,1,0,216.150390625,216.048828125,0,11825,93,85,6138,443,jieba,QmaihbXambAX7hGsUVWgCpiyxMVAZCxRFpX2KaFEboCmzu
65536,28308,1,2,33531,0,1,0,216.150390625,216.048828125,0,11834,93,85,6138,443,rapidfuzz,QmZTU4hCdiv1jEhqnCmDDjE29wE73SiW6Qa6juDr7MG5fH
65536,28299,1,7,29689,0,3,0,216.150390625,216.048828125,0,11825,93,85,6138,443,attrs,QmRrzQZVi1Rut4aTYZ2pLwj9hFc72nPhXpUUSJ64twDMw4
65536,28319,1,4,35568,0,2,0,216.150390625,216.048828125,0,11845,93,85,6138,443,rpds-py,QmYWgA11wXg39itmjZbz4UzEjL84fSm7vViw5rWkqjUqFK
65536,28326,1,1,32698,0,1,0,216.150390625,216.048828125,0,11852,93,85,6138,443,kaldi-python-io,QmWW3q7rbaPrJdQvQ2oNfUaWHBpiAsziiSW8o2jzMhMeH8
65536,28308,1,1,35548,0,1,0,216.150390625,216.048828125,0,11834,93,85,6138,443,kaldialign,Qme9LvRSDncbpw7vYC7kJEyp2CYdQwzVWS7PS2YuXtVW33
65536,28308,1,2,29121,0,1,0,216.150390625,216.048828125,0,11834,93,85,6138,443,kornia-rs,QmWZjf8fLdDikQmThnfrikXaNM6McDiSJVvX7N6j7BuMmK
65536,28106,1,2,37263,0,2,0,216.150390625,216.048828125,0,11632,93,85,6138,443,audioread,QmPfGh3iSDyRdnekzExo5yusR7af7Dwdfi2CLJJq18fCjE
65536,28096,1,3,34777,0,1,0,216.150390625,216.048828125,0,11622,93,85,6138,443,toolz,QmZ4Ea1Xw7XgrxvUPhDkCEgcb3kA8MPsLBXqdPAgsYaGEp
65536,28111,1,4,32478,0,2,0,216.150390625,216.048828125,0,11637,93,85,6138,443,sortedcontainers,QmPS48JTUDqkqtSRgX3yAtE9RpvcMJLfhHUPcMhaYfqckX
65536,28299,1,2,29928,0,1,0,216.150390625,216.048828125,0,11825,93,85,6138,443,lilcom,QmS69sV3n9cR1BR11MkA6ya1f9d1j8wH9AnsfP6RqCWrXH
65536,28119,1,3,32484,0,1,0,216.150390625,216.048828125,0,11645,93,85,6138,443,cffi,Qmd8hsY48jViPrzDneps35tMF182Tov2jjAwZSVrYHtcFq
65536,27913,1,3,36049,0,3,0,216.150390625,216.048828125,0,11439,93,85,6138,443,tabulate,QmRs3p29huwyfL2CiJ2oAh3koo2Nqzwq4VaYoPYovbG6HK
65536,27904,1,5,35074,0,11,0,216.150390625,216.048828125,0,11430,93,85,6138,443,tqdm,QmQn98aLbKy22RT8XvGNtoyF3bchfpaN98addnv41MtwGW
65536,28106,1,3,32704,0,2,0,216.150390625,216.048828125,0,11632,93,85,6138,443,decorator,QmdGqvZ51E3Bj5Wy7XHE9mTrStF7h9vSwaV54wchHAoHSe
65536,28299,1,2,34268,0,3,0,216.150390625,216.048828125,0,11825,93,85,6138,443,joblib,QmanyvVQA8a8c8rC52QxttdWEb3EUP7yNT3jJHftce29GM
65536,28309,1,2,33587,0,1,0,216.150390625,216.048828125,0,11835,93,85,6138,443,msgpack,QmUgpFGgAm9weB9pH7WEwFt4qz4376k5DHD51eX9enzhGW
65536,27913,1,3,34379,0,1,0,216.150390625,216.048828125,0,11439,93,85,6138,443,llvmlite,QmT9FJuWDgEQKst4aMQ7F42kfxEShow3UHkT5WeT7CVHzi
65536,28318,1,7,33352,0,4,0,216.150390625,216.048828125,0,11844,93,85,6138,443,certifi,QmQyXAJhQE94Ccb1FZNVwSrKszYhayoVabS7UjF3Pr6NpY
65536,27917,1,8,30986,0,4,0,216.150390625,216.048828125,0,11443,93,85,6138,443,idna,QmZx7vwJoNQQ1pnyc34BeHEq4gG2MgqdEBTeAPcvNF8upx
65536,28138,1,6,31972,0,5,0,216.150390625,216.048828125,0,11664,93,85,6138,443,urllib3,Qme4rEenR8EGPXTY7MKAp92jkgBmb8MaEs1xnyDu6z8H8h
65536,28119,1,2,33730,0,3,0,216.150390625,216.048828125,0,11645,93,85,6138,443,soxr,QmbsN7VGTBeD1ErH9PfHPbQYvr59S2wPc7ABdfvU64dJ7Z
65536,28316,1,1,32990,0,1,0,216.150390625,216.048828125,0,11842,93,85,6138,443,markdown-it-py,QmYvcipqKbCMyK1LSoxsDJefXJecTXoFognNacah19m3K5
65536,28316,1,1,33201,0,1,0,216.150390625,216.048828125,0,11842,93,85,6138,443,markdown-it-py,QmYk55cYrptuu4eVoQ7w1QFLM4gjMRS25TA6s8T8uzBTvY
65536,28318,1,1,32064,0,1,0,216.150390625,216.048828125,0,11844,93,85,6138,443,marshmallow,QmXEA1etxAYw5KwegTpgNjMbnf3npERW7aEYnmLeQdL5Gs
65536,28326,1,1,31991,0,1,0,216.150390625,216.048828125,0,11852,93,85,6138,443,mdit-py-plugins,QmRb8PYixHAcGxg1HAjQiDhg8tLM2UKnZxTU8PSaDhDAnr
65536,28308,1,2,35403,0,1,0,216.150390625,216.048828125,0,11834,93,85,6138,443,traitlets,QmTkri1sXSF3x6T6m6UwknneabX5xVrsGfBPhMAKm1FxNo
65536,28096,1,1,31248,0,1,0,216.150390625,216.048828125,0,11622,93,85,6138,443,mdurl,QmPZ1oR9usg7LtEPwrAnR8wtR5EwbSetfnQFQ2tQVzqBrq
65536,28309,1,4,30857,0,1,0,216.150390625,216.048828125,0,11835,93,85,6138,443,cycler,QmUh5tWBYe7mk89uqtMGR2XLsdYQ1B9MwqB63frtHNs6qd
65536,28308,1,4,32647,0,1,0,216.150390625,216.048828125,0,11834,93,85,6138,443,fonttools,QmUcKQFRzYNP5VkMQehbp3JQsAZn2EpJqTiE8THsLznJey
65536,28308,1,4,32686,0,1,0,216.150390625,216.048828125,0,11834,93,85,6138,443,kiwisolver,QmbQAxVBUH4pzNvb1CJw6a4DgC9S4V7SUgiVintSjprCih
65536,28309,1,4,33692,0,3,0,216.150390625,216.048828125,0,11835,93,85,6138,443,pillow,QmVT6izvLy9s9GzZZjnUXLcY87sP5pADduTtaCmtt3vTmP
65536,28106,1,4,32405,0,1,0,216.150390625,216.048828125,0,11632,93,85,6138,443,pyparsing,QmZgVc1GWLzevcNaY5eeFdfGPrQf4LMbP3R18fn8zUAxF1
65536,28111,1,7,31469,0,1,0,216.150390625,216.048828125,0,11637,93,85,6138,443,aiohappyeyeballs,QmVpULP5EiYjisvfNW42r71CTPnt4znnBZdoeqUxqhW4zk
65536,27913,1,5,33648,0,3,0,216.150390625,216.048828125,0,11439,93,85,6138,443,filelock,QmReqEDL75EQ5u3jVqYzEJBitfir4KAQ6wDa7dqahWBQEv
65536,28308,1,8,34463,0,2,0,216.150390625,216.048828125,0,11834,93,85,6138,443,frozenlist,QmRnah1R4jNcPeHgoTsgwitDfCCqqJ8FoLY9hXQP9VPQhG
65536,28106,1,8,34398,0,2,0,216.150390625,216.048828125,0,11632,93,85,6138,443,multidict,QmbQZ4GRJKtbUvu3hKB3fwkkVWY7JYgjujNDjpej8FQLuH
65536,28106,1,8,34293,0,2,0,216.150390625,216.048828125,0,11632,93,85,6138,443,propcache,QmYkZS5goDCvW24ey2SxsA2nMNwBfFFuiWKhRybcwbmS21
65536,28113,1,6,34570,0,2,0,216.150390625,216.048828125,0,11639,93,85,6138,443,annotated-doc,Qmbau5CMwigcVP8saLauA3Pe9jYx1UvFNBbJEv9cFBe227
65536,28318,1,6,33504,0,1,0,216.150390625,216.048828125,0,11844,93,85,6138,443,shellingham,QmVBKGZPw5HJ7cEud9j7TvoiH4eXt94LTVCiJmiDSze5sG
65536,28342,1,2,39248,0,3,0,216.150390625,216.048828125,0,11868,93,85,6138,443,opencv-python-headless,QmYp1CfGYVQBZ4mZGRr3eem3YZNxiyHw3k26KRdNd8uXp3
65536,28113,1,2,33585,0,2,0,216.150390625,216.048828125,0,11639,93,85,6138,443,sentencepiece,QmZLahGCBzV96DeLSPda5hE3b7ZiLB7Zr8qRNAXB3cEdDA
65536,28318,1,1,36604,0,1,0,216.150390625,216.048828125,0,11844,93,85,6138,443,myst-parser,QmdmDrC1rjSxcJn2TdhEK64zdzfv1m2oQ9huVy2GTb71Ga
65536,28318,1,1,35554,0,1,0,216.150390625,216.048828125,0,11844,93,85,6138,443,myst-parser,QmfUDCf2y5qQzY2apDUNjJbz6enzkuM9MH5MRW8YqELiGZ
65536,28119,1,4,34415,0,2,0,216.150390625,216.048828125,0,11645,93,85,6138,443,dill,QmSZW9bZhTXnAwYg7gbevHwSm9BehdhWjPmeWPe155ryBZ
65536,27934,1,5,37126,0,1,0,216.150390625,216.048828125,0,11460,93,85,6138,443,pytz,QmUo13UwHh46m4dQMaQoKjAkdt5LXhxvrYishQnCoEDZbL
65536,28309,1,5,37066,0,1,0,216.150390625,216.048828125,0,11835,93,85,6138,443,tzdata,QmTdLqjcmiWmwyeCVJ6bzkFj1X4Wc9qz6uQgm8pZsPxj4T
65536,28319,1,3,31414,0,2,0,216.150390625,216.048828125,0,11845,93,85,6138,443,pyarrow,QmVr8tR3484GKhjEStPJnJXJAMm6UCG5Ep6TT4nahKkcbe
65536,28299,1,3,35913,0,1,0,216.150390625,216.048828125,0,11825,93,85,6138,443,xxhash,QmaWdXeF48Wu4BB1j5VyKgGbPjhxjYwbgXXVD3k81NZCMo
65536,28299,1,3,30559,0,1,0,216.150390625,216.048828125,0,11825,93,85,6138,443,einops,QmWdstdV3NST8LM6GiMPrgz3s3FregKiXRhLsz9ebwKYz2
65536,28136,1,5,34482,0,2,0,216.150390625,216.048828125,0,11662,93,85,6138,443,graphql-core,Qmdov9xDBMqBn2qE3y7HmLueYrniFZaGNQxKfajkCfFEN4
65536,28308,1,4,28085,0,2,0,216.150390625,216.048828125,0,11834,93,85,6138,443,cachetools,QmXUvmBi9Rgjb1KSHmin31AqnjYXx49WkDrztwKEgWHpFC
65536,27921,1,6,33930,0,3,0,216.150390625,216.048828125,0,11447,93,85,6138,443,cryptography,QmTfiVbjtDDjbJF8PBjAbmq2xMG7wuH5YMdYddc2QGf1Vo
65536,28318,1,4,35975,0,1,0,216.150390625,216.048828125,0,11844,93,85,6138,443,cloudpickle,QmbqPYns8huvVuD4omuRitJhLJrioCoUR7GeXFLbCBnFJ3
65536,28299,1,7,33690,0,1,0,216.150390625,216.048828125,0,11825,93,85,6138,443,pyasn1,QmVHtbVcFfDdt7nHa3FCtLhB8Hzw9yRzJjRqirSmJsNxHf
65536,27913,1,5,31094,0,6,0,216.150390625,216.048828125,0,11439,93,85,6138,443,protobuf,QmRu73Ui1pRjbpZcYvv2o1AVhJhuH3AV3XXAHDbsqzu2ib
65536,28326,1,6,35448,0,1,0,216.150390625,216.048828125,0,11852,93,85,6138,443,annotated-types,QmXJWVgjDSHuX3nt2SRaefP6mFMegstmPwGsKaxnQQsXRs
65536,28096,1,6,34363,0,1,0,216.150390625,216.048828125,0,11622,93,85,6138,443,smmap,QmUzZ8TJtY3uQ7DawsaS1rdfvdi3qsJEsfEumPVrDnBvuM
65536,27904,1,8,33629,0,1,0,216.150390625,216.048828125,0,11430,93,85,6138,443,zipp,QmSY3XJqDAxjUh1Zr1ZZYwZpLfs3vzJ3C94Lg5G9zmYFuv
65536,28094,1,4,31328,0,1,0,216.150390625,216.048828125,0,11620,93,85,6138,443,sqlparse,QmYnPMq3BG5rXN7tbGaf56PWyaSTBfY5MhdHsVC6JTpd3F
65536,28094,1,2,32101,0,1,0,216.150390625,216.048828125,0,11620,93,85,6138,443,pybind11,QmSo2yczeaxeHKU9Y8xTvCwBCJeTeRD7JC7HLyxMscyamW
65536,28319,1,2,34756,0,1,0,216.150390625,216.048828125,0,11845,93,85,6138,443,torchao,QmUzmkWy2ctocLp1bwdFT6yH1A7NVmWYJZzS39PDqkVHfZ
65536,28094,1,3,32020,0,6,0,216.150390625,216.048828125,0,11620,93,85,6138,443,regex,Qma3Gj9qNdXwPDUd9hcjxGPZhvhP7688bWZheBdRhKAZW5
65536,28318,1,3,32652,0,3,0,216.150390625,216.048828125,0,11844,93,85,6138,443,safetensors,QmZnWN6iRZJAYKeXearHvffmVyQAQgJMChPNKpW7HVhEsH
65536,28308,1,2,34970,0,1,0,216.150390625,216.048828125,0,11834,93,85,6138,443,catalogue,QmbU9oBRzzsKzFuGHXrFy7pkqSeuSNPjuJWV9rvYBKeuvb
65536,28096,1,4,34048,0,1,0,216.150390625,216.048828125,0,11622,93,85,6138,443,wrapt,QmW4BQzxDXbA8wg6Mi5dSf5wA8YuhsKs76T7T6VVbPJBct
65536,28299,1,4,32971,0,2,0,216.150390625,216.048828125,0,11825,93,85,6138,443,invoke,QmfGmqMMp4dduxHTqNXzVJiAzYpSXYwgVPcunEc1nvYdzZ
65536,28299,1,4,32110,0,1,0,216.150390625,216.048828125,0,11825,93,85,6138,443,bcrypt,QmQLu3NhddxcZAyaMKwk88w1211Unooxn9R3RbDziaCChQ
65536,28299,1,4,32072,0,1,0,216.150390625,216.048828125,0,11825,93,85,6138,443,pynacl,QmaTcSvp15ruHuBcS8qSgbhZQeEJd4nHQP6avKJTAeDzf5
65536,27892,1,3,31824,0,1,0,216.150390625,216.048828125,0,11418,93,85,6138,443,graphviz,QmcoKFaXEcczyarTnyxLmBM5GPfcertxCmQhe85tFSHAQ5
65536,28309,1,3,34276,0,2,0,216.150390625,216.048828125,0,11835,93,85,6138,443,absl-py,QmdMpaTsktU2NxtAVTWoTu5RYcxa6NiHCf7JWDco7kjkF4
65536,28299,1,3,33694,0,1,0,216.150390625,216.048828125,0,11825,93,85,6138,443,libcst,QmXVWfuPzXtcKCDYjmx7pMe2vnCcEmWTMsz8Ew61DpLyVM
65536,28119,1,3,31291,0,1,0,216.150390625,216.048828125,0,11645,93,85,6138,443,pfzy,QmQ8Dpp1k2vEmmkerLn9YHnK52rURunRffGmtGHeC8ZsBA
65536,28309,1,4,34299,0,1,0,216.150390625,216.048828125,0,11835,93,85,6138,443,wcwidth,QmQ8jjBEyM92ThirdJqq6cjbBdrPLqvvBZvAvVk6xQq84T
65536,27929,1,3,33633,0,1,0,216.150390625,216.048828125,0,11455,93,85,6138,443,docstring-parser,QmZwT88qDAHM9YqSLMyuyg6TgSjfanhCzjXyLmJm4315Af
65536,28153,1,1,32651,0,1,0,216.150390625,216.048828125,0,11679,93,85,6138,443,nemo-text-processing,QmcKXHE5xZbkn5w5Pk3sANpyacdB2Nt8jg2ro2vmq8r12x
65536,28115,1,1,34898,0,1,0,216.150390625,216.048828125,0,11641,93,85,6138,443,nemo-toolkit,QmQHMWdBDJcBteYwbztB7pzhZ7yujbTEE8hs37vqK6A8sY
65536,28094,1,1,32243,0,1,0,216.150390625,216.048828125,0,11620,93,85,6138,443,networkx,QmWBJaQ2yFMdYwPyiD23U6ja9nA7QgboVxr2U1e8WeCffL
65536,28094,1,1,34228,0,1,0,216.150390625,216.048828125,0,11620,93,85,6138,443,networkx,QmR81cFGKEvmBzFtg8HFUA4AF4CCosdedYyCspuCPp9jkP
65536,28131,1,3,32756,0,1,0,216.150390625,216.048828125,0,11657,93,85,6138,443,nvidia-cuda-cccl,QmTCLUKNGriSysRw89sjpC6tjv4r6yZpkHTsrcRrKDYuYD
65536,28334,1,3,29570,0,1,0,216.150390625,216.048828125,0,11860,93,85,6138,443,nvidia-cuda-nvrtc,QmcW1UkeVqXi3Gg41f2ML8dzM7WSpNtWkfH1AKMCXEktLn
65536,28129,1,3,28815,0,1,0,216.150390625,216.048828125,0,11655,93,85,6138,443,nvidia-cuda-runtime,QmVRH9nbKiHM8PEWycbFAFMS4oHK2uKxMvCeKCPzuZmmfW
65536,28113,1,3,36583,0,1,0,216.150390625,216.048828125,0,11639,93,85,6138,443,nvidia-nvvm,QmbSKQJpaCrmMGNCQ5zZZNmymi34Qrq82LfBdJjYH4nmNF
65536,28131,1,2,36225,0,1,0,216.150390625,216.048828125,0,11657,93,85,6138,443,nvidia-nvjitlink,QmXvWNXikknjL4qwvm5ZvbHERAV5bnvTfugfodxKN7r71F
65536,28319,1,1,30511,0,1,0,216.150390625,216.048828125,0,11845,93,85,6138,443,numexpr,QmSXRKFuTk1ioHCNfZtSH666ny4vnTPKMfcgvMDqSXJjeQ
65536,28096,1,1,36584,0,1,0,216.150390625,216.048828125,0,11622,93,85,6138,443,numpy,QmXHt2SkKZFPtieyYsnydkgpvnsR9DfQVq1K8RebiUnXiU
65536,28106,1,4,30621,0,1,0,216.150390625,216.048828125,0,11632,93,85,6138,443,overrides,QmVhCnBk3rcbd3XYqw5WzPcfxtRdiBgvivioc12TdEwzCR
65536,28096,1,1,32061,0,1,0,216.150390625,216.048828125,0,11622,93,85,6138,443,numpy,QmWAbNWrcNX8oBXMKCZ2wBog3dEBipXmoYZebGw57cS7NJ
65536,28319,1,4,30766,0,3,0,216.150390625,216.048828125,0,11845,93,85,6138,443,strenum,QmdGxkwe2b9n2PZrYzu13UTHyjuw9VxCvwecHFoWSZogS6
65536,27904,1,4,30657,0,1,0,216.150390625,216.048828125,0,11430,93,85,6138,443,toml,QmckKnCrsv7F7mRsbQVpSJ18EqscKFe84DhPY2hRgpNVsK
65536,27904,1,1,32372,0,1,0,216.150390625,216.048828125,0,11430,93,85,6138,443,nvidia-cublas-cu12,QmUffyd9tgB5p6eGSw8JaKiVof6zWuWNnpsDZV6e2H7MkU
65536,28318,1,2,34840,0,2,0,216.150390625,216.048828125,0,11844,93,85,6138,443,setuptools,QmPCfWcWmgSFgwbb3o8obykYvf7R33fgWU4K3oWnNtGVVt
65536,28353,1,1,33139,0,1,0,216.150390625,216.048828125,0,11879,93,85,6138,443,nvidia-cuda-cupti-cu12,QmTmtCT5jfS3bxeWH3Mncagh7hQkT8XhLpesZvYQVC9MYx
65536,28353,1,1,34000,0,1,0,216.150390625,216.048828125,0,11879,93,85,6138,443,nvidia-cuda-nvrtc-cu12,QmNyVHAFmJgwgjjQSaooa8PzWbgfXqwsh2AnRyjx9TcNwt
65536,28149,1,1,33243,0,1,0,216.150390625,216.048828125,0,11675,93,85,6138,443,nvidia-cuda-runtime-cu12,QmagLQkvv1re5ScjkdwNaAksi4gPD745nxxtomvuX4xtGi
65536,28097,1,1,34622,0,1,0,216.150390625,216.048828125,0,11623,93,85,6138,443,nvidia-cudnn-cu12,Qmcwy3Yk5StweZoVGGjZSN5XNDDS9d24jqx29BXCmuD54H
65536,28119,1,1,30700,0,1,0,216.150390625,216.048828125,0,11645,93,85,6138,443,nvidia-cufft-cu12,QmV7b9BzFV8eG4L1b1kQV8cPDwW7Kv1S29orNyaPXicjHk
65536,27904,1,1,30225,0,1,0,216.150390625,216.048828125,0,11430,93,85,6138,443,nvidia-cufile-cu12,Qmbhe9KTMivok6qupbr3bok2nNsPknyt9zdCtJWyawwtc9
65536,28310,1,1,36932,0,1,0,216.150390625,216.048828125,0,11836,93,85,6138,443,nvidia-curand-cu12,QmX8HkSUPWErmWdNmKYBbt8dd6gYeuMXn4KJ92hyX3rgv8
65536,28129,1,1,35633,0,1,0,216.150390625,216.048828125,0,11655,93,85,6138,443,nvidia-cusolver-cu12,QmdiBYaxijMYZrdaX4ZWhuLwa94caQkfGgwu8pfmDYcjhQ
65536,27948,1,1,35706,0,1,0,216.150390625,216.048828125,0,11474,93,85,6138,443,nvidia-cusparse-cu12,QmRLUoDUGnfx9uhVBdhEGwYG2aNjMU3mhh8N3WrREYFKnq
65536,28333,1,1,37686,0,1,0,216.150390625,216.048828125,0,11859,93,85,6138,443,nvidia-cusparselt-cu12,QmXi2YfcJYqzJQvuYgeB4svD9froWsXHrgbS7cBa5LwJuY
65536,27929,1,1,32513,0,1,0,216.150390625,216.048828125,0,11455,93,85,6138,443,nvidia-nccl-cu12,QmNR7usL1Lh4iANeJyCZMJDYwFCVBXVbYqzoiMfszMYAmu
65536,28343,1,1,33038,0,1,0,216.150390625,216.048828125,0,11869,93,85,6138,443,nvidia-nvjitlink-cu12,QmcxTBPpD6hrLhkVaLFqgLQpfhEnivLHGHMTaRHtQ2mNq5
65536,28344,1,1,38876,0,1,0,216.150390625,216.048828125,0,11870,93,85,6138,443,nvidia-nvshmem-cu12,QmXcfmeS7fSp1K79AAKjD8nN6XKBLT5gCws9VM7NnDXyEx
65536,28131,1,1,34250,0,1,0,216.150390625,216.048828125,0,11657,93,85,6138,443,nvidia-nvtx-cu12,QmaDWiJqopgfRqzByDhTaLqLnqBchgk5ukXupzBHdKLq84
65536,28106,1,4,32362,0,1,0,216.150390625,216.048828125,0,11632,93,85,6138,443,soupsieve,QmcQfxPdn24BCmUyqjQ5qM9U78H5hRjpsVfXz1Rz31pqb8
65536,28106,1,2,33141,0,1,0,216.150390625,216.048828125,0,11632,93,85,6138,443,ml-dtypes,QmVDQGf4h9UgEAt7KNWA5AU9NUhtxNBP4D9CyVkCDyiHyT
65536,28113,1,1,28216,0,1,0,216.150390625,216.048828125,0,11639,93,85,6138,443,parameterized,QmW39xfSLjTfQNLpT8QFDu3gYg7ULqti1afqN1CJ9Tynaj
65536,27913,1,2,36328,0,1,0,216.150390625,216.048828125,0,11439,93,85,6138,443,colorlog,QmP6CLaDeiGZCAKUgtHk5MFYnbxgBGZJFCC7NcAFxdfzas
65536,28119,1,1,31955,0,1,0,216.150390625,216.048828125,0,11645,93,85,6138,443,pesq,QmWizumVvj5NJ3qRbsiQ83d8pFtRGZTeg1hSZQb9Nye99d
65536,28299,1,3,37820,0,2,0,216.150390625,216.048828125,0,11825,93,85,6138,443,psutil,QmXXN5G9dvDXKyzGg1xQiJRfeiC5bvo91HzUahumciFCW7
65536,28309,1,1,32645,0,1,0,216.150390625,216.048828125,0,11835,93,85,6138,443,pexpect,QmbV3DhQyZFCKc7HMGftk5EvpQp6sdA2NGMXdDFq1zDUMD
65536,28094,1,1,32153,0,1,0,216.150390625,216.048828125,0,11620,93,85,6138,443,progress,QmNNFRwXgwkM8cz86rTkcUKpTNs4T47jZgJ1gysG5ogzef
65536,28308,1,1,36049,0,1,0,216.150390625,216.048828125,0,11834,93,85,6138,443,ptyprocess,QmeJqJCXBCb4TLBH1FeFaW5DmMBNXRdqjthiz7pDshF7X8
65536,28318,1,2,35348,0,1,0,216.150390625,216.048828125,0,11844,93,85,6138,443,pycountry,QmZD9hBY1SZi41nZAbqhyNhzP3NEePWcf46YYtLskeSTgo
65536,28299,1,1,33344,0,1,0,216.150390625,216.048828125,0,11825,93,85,6138,443,pydub,QmQtYk2T13Mg75kBqVYBb7FEktWK2FYVRkPb6Byjk74My2
65536,28308,1,1,33593,0,1,0,216.150390625,216.048828125,0,11834,93,85,6138,443,pyloudnorm,Qmc3nhLPS3D2EkP1m5qLQ2p4a3BLh5jcHjt6UnW2kV5EJ2
65536,28328,1,1,34009,0,1,0,216.150390625,216.048828125,0,11854,93,85,6138,443,pynini,QmfUk2dNRJeQG29QAXJV5L8LNfDuytCzUtESaLmo61afVC
65536,27913,1,2,34826,0,1,0,216.150390625,216.048828125,0,11439,93,85,6138,443,pypinyin,QmSkonfTRDwg1Q2jAsCkDqAHcFZCy9GD1huefXXmb5Tdhj
65536,28299,1,1,30724,0,1,0,216.150390625,216.048828125,0,11825,93,85,6138,443,pystoi,QmTiUdEWvUz5SKeFCpyT8jC6h2EijUsUWNU8vXSQAEGMEk
65536,28113,1,1,32456,0,1,0,216.150390625,216.048828125,0,11639,93,85,6138,443,pytest-runner,QmfJk9JU1BXv7oz91sC6s6ETT1W1GfgsFUor7ENQTSafmW
65536,28106,1,1,34252,0,1,0,216.150390625,216.048828125,0,11632,93,85,6138,443,pyyaml-ft,QmcTbXGV1eMAPbAvCn13M1VoQwrKWYhgmbhw9QQz71tzJi
65536,28328,1,1,35573,0,1,0,216.150390625,216.048828125,0,11854,93,85,6138,443,ruamel-yaml,QmZ5hFvWVqo6hYQGZsbe4sts2Lxq2UTfFtybfsFQCqwZ46
65536,28119,1,2,31782,0,1,0,216.150390625,216.048828125,0,11645,93,85,6138,443,lxml,QmNbhCDJfYZJRT2sNLzgtMAjK7cB9XDnLznDL4nQZqdSD6
65536,28318,1,2,29536,0,1,0,216.150390625,216.048828125,0,11844,93,85,6138,443,portalocker,Qmcfdm1jmvsMKh59NV9qzRpYLHrgFRcQpfszUv1yK7RzES
65536,28136,1,1,36367,0,1,0,216.150390625,216.048828125,0,11662,93,85,6138,443,scikit-learn,QmQyBS4tUk5DP3Db1QvqA23VKqEXnTmxeYNunnxUesNLHK
65536,28136,1,1,32557,0,1,0,216.150390625,216.048828125,0,11662,93,85,6138,443,scikit-learn,QmPHHQuDQ2NhAhNiKLHTD9hep9G7HsrYcn3ghDM8oasKsi
65536,28299,1,1,32148,0,1,0,216.150390625,216.048828125,0,11825,93,85,6138,443,scipy,QmfQ2Ee8FGAo8HiZri88wbiBeoxovbUSDr6L1sz6axU7f4
65536,28299,1,1,33124,0,1,0,216.150390625,216.048828125,0,11825,93,85,6138,443,scipy,QmRVM1YHYuZabpqHa6pCrDekJoF74RpeeCRgKqHkYAgq7W
65536,28299,1,1,30600,0,1,0,216.150390625,216.048828125,0,11825,93,85,6138,443,sphinx,QmUfK6UgAntwhXZqhpzxrpUtT36hot2cci6GU6Qe4ut8Xd
65536,28299,1,1,33356,0,1,0,216.150390625,216.048828125,0,11825,93,85,6138,443,sphinx,QmSZ9TqLtaSf7GyXAYShWnoQrCqSB34ovab25P2vaowMjC
65536,28299,1,1,32559,0,1,0,216.150390625,216.048828125,0,11825,93,85,6138,443,sphinx,QmZFMsxk8jZKLN7XnrpydbQcbnkJ7paFwKJHCKWDWqWQxt
65536,28119,1,1,32597,0,1,0,216.150390625,216.048828125,0,11645,93,85,6138,443,sphinx-autobuild,Qmer62ZVzQ1ojkTGPrZYX4qM1XyVoT9BfGmVd3aK5wAarx
65536,28119,1,1,32282,0,1,0,216.150390625,216.048828125,0,11645,93,85,6138,443,sphinx-autobuild,QmenxUrEii1ZbwX5YWXpWChELkDX2FNS4o7ytZfr1dicyN
65536,28319,1,2,31662,0,1,0,216.150390625,216.048828125,0,11845,93,85,6138,443,astroid,QmYXSMsmtwoGVdiEA2WAzBqYf7w5UudnFs3e8TLBJXFYXD
65536,28308,1,4,33020,0,1,0,216.150390625,216.048828125,0,11834,93,85,6138,443,latexcodec,QmQeUm8HkCVrzgBYrpiSNRFn8JiwwU4G1Nu46C7b7CuiK1
65536,28122,1,1,36009,0,1,0,216.150390625,216.048828125,0,11648,93,85,6138,443,sphinx-copybutton,QmW67LBwAJHnBikwvo5WkoxkUqgc6hvE9BgdB58PpHHQf8
65536,28344,1,1,30206,0,1,0,216.150390625,216.048828125,0,11870,93,85,6138,443,sphinxext-opengraph,QmTLMVS1ML19bkHnb7j3nbre7hUmnw2aYUyyfdoABQFBtK
65536,28106,1,2,32697,0,1,0,216.150390625,216.048828125,0,11632,93,85,6138,443,asttokens,QmRq2bmKCozK38cAz9s7iitLmbjG4zuucwWVUsmM5c69YA
65536,28106,1,2,34244,0,1,0,216.150390625,216.048828125,0,11632,93,85,6138,443,executing,QmW8yQkVNzFYGYg3GSWzSpoMEqANQTjQoExWyjhDoT4DUp
65536,28106,1,2,35610,0,1,0,216.150390625,216.048828125,0,11632,93,85,6138,443,pure-eval,QmUEGX7ymeu53QHXL2en1zvfMfbjWmjaH6nvseKu5zpB5x
65536,28316,1,1,31920,0,1,0,216.150390625,216.048828125,0,11842,93,85,6138,443,standard-aifc,QmX9Ytrjnk68FHi2GBjFkNoQWbEYqG8fBRTLDFSwVMVohV
65536,28326,1,1,32133,0,1,0,216.150390625,216.048828125,0,11852,93,85,6138,443,standard-chunk,QmdJyFS9E8UpyZ2aK3RGM1P7iCU1GqQBGKwfhz7HCeo3td
65536,28326,1,1,33542,0,1,0,216.150390625,216.048828125,0,11852,93,85,6138,443,standard-sunau,QmZWPF6K9cwVZHy11Jr58xfb88SUff1AxG7AAVE6KaVNqU
65536,28299,1,2,32492,0,1,0,216.150390625,216.048828125,0,11825,93,85,6138,443,mpmath,QmTaYiBbpAcG8riHDv5xndx8iHN8aKNSDwpewmf4pf5BTJ
65536,27913,1,2,31549,0,1,0,216.150390625,216.048828125,0,11439,93,85,6138,443,markdown,QmSadFcSc525mnsgUAFmrva43Zpf1EDkNavUgHJzQ2Wh9b
65536,28343,1,2,34499,0,1,0,216.150390625,216.048828125,0,11869,93,85,6138,443,tensorboard-data-server,QmYHv3VddaoqizfQWKm1VkHfDwB3zq5S9gaogjN6yFWUib
65536,28136,1,1,32350,0,1,0,216.150390625,216.048828125,0,11662,93,85,6138,443,textdistance,QmYtAgfj6h5X6ZwVa2MkSomQe1jiFQidzDZgPGbsoZXYT7
65536,28327,1,1,33248,0,1,0,216.150390625,216.048828125,0,11853,93,85,6138,443,text-unidecode,QmUyoo1CVdqMLNdaqA7NtFvD21Emzb6VRUQQeTwDpgMRQL
65536,28113,1,1,29588,0,1,0,216.150390625,216.048828125,0,11639,93,85,6138,443,threadpoolctl,QmVRysjLCAth3nEyUqdLULmAp3ss4Epx9fgMaNEv5aqAih
65536,28299,1,1,31784,0,1,0,216.150390625,216.048828125,0,11825,93,85,6138,443,torch,QmZBaR4cUggupvCxaxHdT6RsFDzkDj8aVLSx3LZQRMKkS4
65536,28318,1,1,33683,0,1,0,216.150390625,216.048828125,0,11844,93,85,6138,443,torch,Qme9FrYr9XwVR3mneXYt8iqme9VcyXkeyZ3Eqd4L2sdhbw
65536,28103,1,1,35119,0,1,0,216.150390625,216.048828125,0,11629,93,85,6138,443,torch,QmYY8VbqwPqDNjNdrSudWwDtB3kE7PHoes7Y5rmwXzYzo6
65536,28299,1,1,31069,0,1,0,216.150390625,216.048828125,0,11825,93,85,6138,443,triton,QmRg5KDTqp3nNMQRTnirCzWeobBzv75eASaQ43kQTFnbUj
65536,28094,1,1,29525,0,1,0,216.150390625,216.048828125,0,11620,93,85,6138,443,waitress,QmVRBiD1BH4D7dGVLQHQUCmTU1m5NsyD2DFLF1pxmo7vtD
65536,28098,1,1,33989,0,1,0,216.150390625,216.048828125,0,11624,93,85,6138,443,wget,QmVyAU9qJ7ypAbjtSvMifZzDTJa37NNqDw8Z4N2K1w5uJL
65536,28318,1,2,36743,0,1,0,216.150390625,216.048828125,0,11844,93,85,6138,443,braceexpand,QmS6p9rGV3o9Bzh65Qto4UFJDWB5TCnotmZPT95vasx5iS
65536,28111,1,2,31002,0,1,0,216.150390625,216.048828125,0,11637,93,85,6138,443,indic-numtowords,QmSNckDWR9moxEcTvgpmdwXNs5F5g484nY5dN9MtwmDXQg
131072,47783,1,4,0,1,1,1,218.119140625,218.017578125,217105,17027,7605,85,11915,1280,mako,QmTgyedPPMUiL4icWhtJ42jvKWRcJpXjVT32K4X9eAbL9j
131072,48197,1,4,0,1,3,1,218.119140625,218.017578125,199453,17441,7605,85,11915,1280,sqlalchemy,QmceYm3ieBF3Vq8ia1WwY77MFNHtFm6LjK46SPtgyHKxXN
131072,48014,1,6,0,1,2,1,218.119140625,218.017578125,213079,17245,7618,85,11915,1280,typing-inspection,QmWVjTfPJp141cSNPP6FKwcZ1W1g2xmUL2mTQ5VZ4x7PcB
131072,47998,1,2,0,1,1,1,218.119140625,218.017578125,209388,17229,7618,85,11915,1280,typeguard,QmYQHzUGgqLg6kdWGihyP5KLmUTVtmdFkLVgwFkJsxiAqM
131072,48195,1,6,0,1,1,1,218.119140625,218.017578125,203514,17439,7605,85,11915,1280,pydantic-core,QmUzBZyCt4eJ5nkH7XRRFN6MyHge9HFnitEfQFwACwzYxe
131072,47783,1,6,0,1,2,1,218.119140625,218.017578125,205357,17027,7605,85,11915,1280,rich,QmdyYeLoeKmMGg5HgLdGkEDsvqMCRjoQbJ1nEj6T7NkomY
131072,48188,1,2,0,1,1,1,218.119140625,218.017578125,203012,17432,7605,85,11915,1280,grpcio,QmSBNWs8xZh5GowtyNRHstBmcuh9V9oJy4m6xKNGHgVzGT
131072,67635,1,1,0,2,1,3,218.119140625,218.017578125,251396,22819,15114,85,17628,2109,sphinxcontrib-mermaid,Qmdb6iYWjZGGV8y1U5dCsfY5bu72bftZQbcyWKyutRC2ZX
131072,48179,1,1,0,1,1,1,218.119140625,218.017578125,202789,17423,7605,85,11915,1280,sox,QmdXofGQbQs2JPMQfsjcnhqS3oEc5KKuSeMB9UFSLH9hcF
131072,48014,1,1,0,1,1,2,218.119140625,218.017578125,158133,17245,7618,85,11915,1280,pytest-httpserver,Qmc8HYrvc4cY6L4Uux1wHnbFLRGng815vqXiybF9e4M5xm
131072,48213,1,3,0,1,1,1,218.119140625,218.017578125,216959,17457,7605,85,11915,1280,accessible-pygments,QmQm2SChdqkHgnBKfwG5AE6gFeTn57XrsGx8MpG1towynv
131072,67795,1,4,0,2,1,2,218.119140625,218.017578125,320360,23005,15088,85,17628,2109,typing-inspect,QmdiNUEVa9RoXQ66k4FG6hw14MjbJLZuQP9jZcy2zYnfWM
131072,47973,1,1,0,1,1,1,218.119140625,218.017578125,207962,17217,7605,85,11915,1280,attrdict,QmZhyJSnbhKB21wXuVofFkDA9HUfPTGmUUQjKZDVBWawnj
131072,48008,1,5,0,1,3,1,218.119140625,218.017578125,222242,17252,7605,85,11915,1280,python-dateutil,QmXpNPbBUfR5yt13VZFU9njEUx6Qu9hD4x4cboGJiwVEdP
131072,67798,1,4,0,2,1,2,218.119140625,218.017578125,286805,23008,15088,85,17628,2109,uvicorn,QmVm4dAcp9KstVt1mTyjxixnLDzBw4ZX3S4YLRRLtFkdEX
131072,48187,1,2,0,1,1,1,218.119140625,218.017578125,192147,17431,7605,85,11915,1280,flashoptim,QmYdmNhmf1fYUJLLh8eJ2rhyb2Bagjzz4aTo9u5gcvmWVY
131072,47984,1,2,0,1,1,1,218.119140625,218.017578125,196707,17228,7605,85,11915,1280,lazy-loader,QmR19LFKpcJvb4WSQ8qMqsFnMCjzu94ArvEjXRwTGdpvcX
262144,113493,1,1,0,5,1,5,218.119140625,218.017578125,653812,39696,37537,85,23341,2938,black,QmWdWtgZDnpVbDvUpe15SSpADsYhYA7YY17xDLQfRPCrjF
262144,126407,1,3,0,6,1,6,218.119140625,218.017578125,607261,45049,45098,85,23341,2938,flask,Qmatg718YT8XcqRuzLSkKd7KFcFUeMZYj58LNuXpah6iWo
131072,48024,1,1,0,1,1,1,218.119140625,218.017578125,231181,17255,7618,85,11915,1280,cuda-python,Qmagf9hdKxCop3jSfgpe57igxsGmiXakxuQthbhFyG2yuc
131072,67823,1,5,0,2,3,2,218.119140625,218.017578125,309911,23033,15088,85,17628,2109,lightning-utilities,QmaFUpjtzE8sYJVduQEqUrjPTF76cVDvgWCBTLvcVLWUfm
262144,100418,1,2,0,4,1,4,218.119140625,218.017578125,550831,34120,30054,85,23341,2938,pytest,QmXiXuTQ7iLbab1qbrmfTqDiSw7SwM7QbGQ9RiPLJ5oGYt
131072,47998,1,2,0,1,1,1,218.119140625,218.017578125,208334,17229,7618,85,11915,1280,cuda-core,QmX91TinaByKf7guokjux14tPpCrBViyFKw2TRWmB32QG6
131072,67807,1,1,0,2,1,2,218.119140625,218.017578125,288035,23017,15088,85,17628,2109,cuda-python,QmPyqY13QJKrhUxBTUungwJzmHVyHQ2k4zyHzd6f75MPvM
131072,47783,1,1,0,1,1,1,218.119140625,218.017578125,193547,17027,7605,85,11915,1280,jedi,QmWh1kLT4gFrkWa9EmJTQqxZv6M1PRzk1FkPFVzbgVX5Tp
131072,67611,1,2,0,2,2,2,218.119140625,218.017578125,301508,22795,15114,85,17628,2109,omegaconf,QmPgjuPAB9XDzFqJQ1PbFZ9rgsip4dmmZ8hJYLhRbH4xtu
131072,67601,1,1,0,2,1,2,218.119140625,218.017578125,287088,22785,15114,85,17628,2109,jiwer,QmTRphgxbuuiuBwmJwxGNFSbKpJ34xrUTVr8hkdBQaQnoY
131072,48188,1,2,0,1,1,1,218.119140625,218.017578125,191484,17432,7605,85,11915,1280,cytoolz,QmTmaYJek6q1gd19ZSVbZwDLrjDz5J1iQsuGz8dApiRUcX
131072,67807,1,3,0,2,2,2,218.119140625,218.017578125,289064,23017,15088,85,17628,2109,referencing,QmRxjGK12h2fKct1vAAgXFZ7U8b1B44yPaj3tAu2HT8brX
131072,67778,1,1,0,2,1,2,218.119140625,218.017578125,277385,22988,15088,85,17628,2109,kornia,QmfWTxBwP4VgTmV6Aeqat1ZzSWvyGSt6jVrjpHWUDLEa9J
131072,48187,1,2,0,1,4,1,218.119140625,218.017578125,189725,17431,7605,85,11915,1280,soundfile,QmakouBK6hgDEGXMsZ8i4qs5c6Vdr4Jaafcxa7CU8kv7px
131072,48015,1,2,0,1,1,1,218.119140625,218.017578125,205971,17259,7605,85,11915,1280,intervaltree,QmU2c4Ahr24sGiPXLc1fWC6Xi5g3SwKJHFy9BQG4Hh51C4
131072,48197,1,1,0,1,1,1,218.119140625,218.017578125,193780,17441,7605,85,11915,1280,pyopenjtalk,QmUwkiBdgdo6vKX5gP3dyE6geZsAkxxTnQ6g4KWhJQWwvr
131072,48178,1,2,0,1,4,1,218.119140625,218.017578125,196574,17422,7605,85,11915,1280,numba,Qmb8phdktQTz1SXEMzEAB21k2daQ1CJuD8ajnxA3sui97m
131072,48178,1,6,0,1,3,1,218.119140625,218.017578125,196623,17422,7605,85,11915,1280,anyio,QmaPHbP87W5SKxJRooL2fL7pvUzuJfzQ4p1Ja6fhdpCBSa
131072,67573,1,6,0,2,1,2,218.119140625,218.017578125,299692,22783,15088,85,17628,2109,httpcore,Qmap6iYQTsvwM8Y5hXYnf2od7NCVvhY1gUESDhYv7CXnRd
131072,67797,1,3,0,2,1,2,218.119140625,218.017578125,301060,23007,15088,85,17628,2109,sentry-sdk,QmRCurpZ29eigRP3gPfcWAsGfugyFsBK2cqow3ejJCHdZn
131072,48014,1,1,0,1,1,1,218.119140625,218.017578125,188266,17245,7618,85,11915,1280,matplotlib-inline,Qmcd8gwCrt3E4pcrHYmQSwMWjPhEHUBSvZUXqXznQmRvPW
131072,47998,1,7,0,1,1,1,218.119140625,218.017578125,186766,17229,7618,85,11915,1280,aiosignal,QmVt4kPKTKiLXTnD4ZgL92wkpc7wyMj2Dz3xjC26nJXDTc
262144,100032,1,5,0,4,8,4,218.119140625,218.017578125,534156,33734,30054,85,23341,2938,requests,QmcPGVzpPGp1UyhnBknhCv8cJmVwU2rrN6pZ1CL8TRZUqD
131072,48016,1,3,0,1,1,1,218.119140625,218.017578125,196613,17247,7618,85,11915,1280,multiprocess,QmWXzF1LZ17g9EZDsM1iq6GvHdYgnCLcc61SWJ6Nykafw5
131072,80432,1,7,0,3,1,3,218.119140625,218.017578125,375087,28159,22571,85,17628,2109,yarl,QmNmPyhajWUsdaeoT3Jj2oRgfisvhPQVsPhFbDgibihtig
131072,48005,1,4,0,1,1,1,218.119140625,218.017578125,193634,17236,7618,85,11915,1280,graphql-relay,QmS6kmVUJawMPVvPPTv7hpw2K4w9jkDAL6TchzudRkMAZb
131072,67618,1,2,0,2,1,2,218.119140625,218.017578125,283767,22802,15114,85,17628,2109,megatron-fsdp,QmdVJHYCb1cZd4bJiH9Qj2FfPof3uDPBUyGK8AZdM1jaEr
131072,48195,1,6,0,1,1,1,218.119140625,218.017578125,190648,17439,7605,85,11915,1280,pyasn1-modules,QmQBWCAecKk8JQgo4kEmG5Ds8Uez2g86x89hq5v6b7C59q
131072,48178,1,5,0,1,1,1,218.119140625,218.017578125,200898,17422,7605,85,11915,1280,gitdb,QmSnWkcWpwX56tCqYcehhGmYnr1NepNgfqqzNkrnSu1Ufa
131072,48203,1,7,0,1,3,1,218.119140625,218.017578125,209280,17447,7605,85,11915,1280,importlib-metadata,QmfM9a8JhYa2wvxkdzFuFs3qtLKR43mw9Y9B31Vdib9er8
131072,48187,1,3,0,1,1,1,218.119140625,218.017578125,197474,17431,7605,85,11915,1280,deprecated,QmQk3Euz2sR3sN1sFthL7UT1oAjm2ynAKwYABV3WSiDosH
262144,100427,1,1,0,4,1,4,218.119140625,218.017578125,531110,34129,30054,85,23341,2938,sacremoses,QmUVzjsXp2B39UXN4oSjUxBsAsWEh9DWs2wuFx8pG8Hy4g
262144,100238,1,1,0,4,1,4,218.119140625,218.017578125,534973,33940,30054,85,23341,2938,nltk,QmdizmPBsv7FzQ4bT6mSz1m7ievRMMdTricddPNPMRBCZ3
262144,100213,1,3,0,4,1,4,218.119140625,218.017578125,510704,33915,30054,85,23341,2938,paramiko,QmXaQmne3vUYv5SrfS7nP2di7Gk6fFJkY4b5QRxnZLUPa8
131072,48205,1,3,0,1,1,1,218.119140625,218.017578125,205941,17449,7605,85,11915,1280,prompt-toolkit,QmYmRQfPrSbhvxx2bq21uJ5eXg9mxmZ1CcL21ncDBDGs17
262144,100418,1,2,0,4,1,4,218.119140625,218.017578125,523742,34120,30054,85,23341,2938,fiddle,QmasarQRgKAyFw4rgFqkZywdmgh78Spenws875VK1kSQ1e
131072,67805,1,3,0,2,1,2,218.119140625,218.017578125,289055,23015,15088,85,17628,2109,beautifulsoup4,QmRoKg2bLkRANYpceb9yanSZPgiEUfMFkCQggGjLS2LA9i
131072,48005,1,1,0,1,1,1,218.119140625,218.017578125,185057,17236,7618,85,11915,1280,pypinyin-dict,QmTUNVmYfgyTWhfKGbJwKQUYfFDmoTD4tpNfKh5wCde5NR
262144,100040,1,2,0,4,1,4,218.119140625,218.017578125,525298,33742,30054,85,23341,2938,cuda-toolkit,QmdxsAHvDx6ZKLSE8gLgTpUHmKFdgE9TyxM3k67kfphQBK
131072,80432,1,1,0,3,1,3,218.119140625,218.017578125,383885,28159,22571,85,17628,2109,onnx,Qmd6txZc2RmvWyAPuHkz1VjP2XbYTA1NdNJgNTLznbYRJ6
131072,67805,1,1,0,2,1,2,218.119140625,218.017578125,292416,23015,15088,85,17628,2109,sphinx-autodoc2,QmTuoEGKrpERtMN4KjRce3diEfVtyYv4USwkWHVFEB13q7
131072,67788,1,3,0,2,2,2,218.119140625,218.017578125,269890,22998,15088,85,17628,2109,pybtex,QmeJnuUM5qXkXCAJvshnjUMpKMNhaz6NUQDpCi2e7ZjKLv
131072,80836,1,1,0,3,1,3,218.119140625,218.017578125,372612,28563,22571,85,17628,2109,stack-data,QmYZBMJgspXyvswPjqdCwP3YxM1iCzpXsBumDg8KcxiJrC
131072,48178,1,1,0,1,1,1,218.119140625,218.017578125,194122,17422,7605,85,11915,1280,sympy,QmXW5KoqZBdwFrH4rNd5Ra9jXbewdQcaBxnWodm5ELg3Zk
262144,113355,1,1,0,5,1,5,218.119140625,218.017578125,600663,39493,37602,85,23341,2938,sacrebleu,QmNeD9fCGkEbR3rFmwgWdN9XDVVHCqFUojLazf1wbT8j39
131072,67787,1,1,0,2,1,2,218.119140625,218.017578125,299544,22997,15088,85,17628,2109,webdataset,QmcYT4UEyw4DgRKPvJnG9Ai6zujT4ZXKbutpVZYPmkbMei
131072,80847,1,3,0,3,2,4,218.119140625,218.017578125,284852,28574,22571,85,17628,2109,alembic,QmcUMkG5Rwo9i6Fw23PRxCi9SEKPvg4JJrnvS1Q9g3D7go
131072,67788,1,1,0,2,1,3,218.119140625,218.017578125,246078,22998,15088,85,17628,2109,inflect,QmQKSdjtuqNFtDTECnuxGS1CJn3FH4wWfiP1TCgeyiHJjN
131072,80862,1,1,0,3,1,3,218.119140625,218.017578125,385663,28589,22571,85,17628,2109,whisper-normalizer,QmWWMpENhPJnnoYKD9Loeftp1TahoxggAcjSXgmEQiVgtY
262144,100032,1,5,0,4,6,4,218.119140625,218.017578125,423976,33734,30054,85,23341,2938,pydantic,QmZSU5rwXP6sSj8pnMNurkr7U8rn2D8ecTz9tkao1jCvUR
131072,67815,1,3,0,2,1,3,218.119140625,218.017578125,246994,23025,15088,85,17628,2109,pyre-extensions,QmUHhkdT93qw4DTMBx6iS5nN1HScsHZMchFpwxj3QtwU7y
262144,100418,1,5,0,4,3,5,218.119140625,218.017578125,468027,34120,30054,85,23341,2938,typer,QmczNBudByqB5wxvbkFLPhSA5LACr4UkLnC4YqrpoLN5ph
131072,80827,1,4,0,3,6,4,218.119140625,218.017578125,330310,28554,22571,85,17628,2109,pandas,QmXjxPxPLEBon1K886R3fPRoMCmxQaVFgDgMpVfqkP2kTX
131072,67615,1,4,0,2,2,3,218.119140625,218.017578125,237470,22825,15088,85,17628,2109,torchmetrics,QmWMHGSpT2n2R8Fg6gQT4FDdkn7Nds6xywXn84bzHVLeRx
131072,48207,1,1,0,1,1,5,218.119140625,218.017578125,149424,17451,7605,85,11915,1280,pytest-mock,QmT8UR6WU9PVwmG6m4qz57wtLeDpuCymQznodyNnm7T6uT
262144,172250,1,1,0,9,1,11,218.119140625,218.017578125,884626,61979,67469,85,29054,3767,tensorboard,QmagFtqrwxE3hW4iNrJP9UdytCE11GpJ9Szdb7eFEvHerJ
131072,48016,1,2,0,1,1,3,218.119140625,218.017578125,153799,17260,7605,85,11915,1280,jsonschema-specifications,QmVqiFJ4T6sScahzPXVTeNvKchSFu5CeyWqGS3wp1DBYTx
262144,139600,1,3,0,7,3,8,218.119140625,218.017578125,757083,50837,52503,85,23341,2938,matplotlib,QmWVLFYXf5NL9ABL2n3RzUjp6dh2CNSCRu36KyhPb4acJ6
131072,80836,1,1,0,3,1,4,218.119140625,218.017578125,315637,28563,22571,85,17628,2109,hydra-core,QmNqVnpEsGuViwYu2W3kBhqe5VmcvvjsodxHyW9XFehWwE
131072,48197,1,1,0,1,1,2,218.119140625,218.017578125,155477,17441,7605,85,11915,1280,numba-cuda,QmVS7nPjnGomvM51W9cTNpfBGTPUYgGbozGZTutHbANevg
131072,48188,1,1,0,1,1,2,218.119140625,218.017578125,152227,17432,7605,85,11915,1280,resampy,QmPcqQdUWk7dmyzAKvSjK7qpo4tCzCcMxRkNmkxPvHAfhz
131072,47998,1,5,0,1,1,2,218.119140625,218.017578125,148160,17229,7618,85,11915,1280,starlette,Qmak5oyvP9esmLxU1wtXo6u56pUHRFQeqo3Bhr9omcwXv5
131072,67392,1,1,0,2,1,6,218.119140625,218.017578125,240552,22602,15088,85,17628,2109,tiktoken,QmaDRrKCdoPZmdwvjBVjiJTfxrhQpae6U1sMPuVx655ENk
131072,80663,1,2,0,3,1,7,218.119140625,218.017578125,349241,28351,22610,85,17628,2109,pooch,QmRJnJH8Z5bgNExHQURxPnJxtk78g614XiFumFYeGuEj1n
262144,100418,1,5,0,4,2,5,218.119140625,218.017578125,428125,34120,30054,85,23341,2938,httpx,QmQe7M4QKUe3AHXp6SiPGFYeuVBMpDZnzaYZV9SakBbADo
131072,67787,1,2,0,2,1,5,218.119140625,218.017578125,253835,22997,15088,85,17628,2109,torchdata,QmVnco2P1c4aZGQx2jLxDktDmByrQxHBtYFrrAc2wXvb8g
131072,67778,1,3,0,2,2,5,218.119140625,218.017578125,250132,22988,15088,85,17628,2109,docker,QmafLR3KzRybuMd3QQmjzFYYoUNAQ6qYNnRbTo6VZ4B4Mg
262144,185280,1,1,0,10,1,13,218.119140625,218.017578125,910287,67526,74952,85,29054,3767,lhotse,QmbQaD5PDMKpXv2EUPQ2mDP1pnieVcRfWKXWs2QcbN2kY7
131072,48187,1,4,0,1,2,2,218.119140625,218.017578125,144626,17431,7605,85,11915,1280,gitpython,QmXb5U86ouG3nRxTJEggus7byJm7FDPa4rEKEw9AQw3kr5
131072,67807,1,5,0,2,1,3,218.119140625,218.017578125,214882,23017,15088,85,17628,2109,google-auth,QmfMBSAHuTkai95Bbd5X4QXfcBDxhab6A1KbrM7b2ZBcoY
262144,100213,1,3,0,4,1,5,218.119140625,218.017578125,439875,33915,30054,85,23341,2938,graphene,QmaWdAoc65Dsm48oiXm2vUPrXD1JqmgEFDa7yJnaqreMD5
131072,67803,1,6,0,2,4,3,218.119140625,218.017578125,248199,23013,15088,85,17628,2109,opentelemetry-api,QmNw6BGf2B9njTMvEMkfPQeqKTtzuN18wek1XQhsEMz4Dq
262144,139601,1,6,0,7,1,8,218.119140625,218.017578125,717742,50838,52503,85,23341,2938,aiohttp,QmR3zymtJ4brM7hg46KPHNtBRoNJn6UkkGf22pwvk3ozka
131072,67787,1,2,0,2,1,3,218.119140625,218.017578125,231815,22997,15088,85,17628,2109,inquirerpy,QmREFazwgK9SMhsdNcXCuC8nya1SzgMis4WSEeuxRR4F25
262144,100418,1,2,0,4,1,8,218.119140625,218.017578125,429160,34120,30054,85,23341,2938,fabric,QmYGa3p8B7a56FyGd6V5tYkWzW3Wkr1sShw9v65bW6ziWf
131072,48205,1,2,0,1,1,3,218.119140625,218.017578125,151669,17449,7605,85,11915,1280,pybtex-docutils,Qma6ZaZ9hehMQo4CnKXwk7DXN8VqhRtcV7xjmyXPXj5bHM
262144,113528,1,2,0,5,1,6,218.119140625,218.017578125,532676,39731,37537,85,23341,2938,pydata-sphinx-theme,QmUvRWgeC7Dz8gRWxj2s8q8csekxpdnYTvSE2z4jZ3ETJ6
262144,139600,1,1,0,7,1,12,218.119140625,218.017578125,668621,50837,52503,85,23341,2938,numba-cuda,QmWVdWvdSKAQSuUMqcyZzKUUoQU3hHPbTyLGNErm7Mr5Df
262144,126532,1,1,0,6,1,9,218.119140625,218.017578125,586542,45252,45020,85,23341,2938,optuna,QmX8qZYs1XSciMDczKtLxP24AoNbRpNEGY1p7s26EyqiP4
262144,113508,1,3,0,5,2,8,218.119140625,218.017578125,545471,39711,37537,85,23341,2938,nv-one-logger-core,Qmb6fDosXoN1NnJUvio34gn3jzbXCo2zTFQ2jGk85h8YKi
131072,80466,1,1,0,3,1,6,218.119140625,218.017578125,324428,28193,22571,85,17628,2109,pydantic-extra-types,QmWkFPgeHFhbqSwtU32Np8mdnrH1uqmicJx88S6mDKjwjT
131072,67618,1,3,0,2,2,6,218.119140625,218.017578125,252402,22802,15114,85,17628,2109,pyannote-core,QmdcwiKjSAPFzsTt7FpZAY3gnACXujuohUUkA8jZJgWBVp
131072,67798,1,1,0,2,1,12,218.119140625,218.017578125,195120,23008,15088,85,17628,2109,seaborn,Qmckwc2io4dzD5ebxne5zk7L3L7fV57rAzoEqWDFNYEdV3
131072,67788,1,1,0,2,1,9,218.119140625,218.017578125,248950,22998,15088,85,17628,2109,mediapy,QmVdbAdpqe9cdpZe5UyAj3BEZKgb234dgtCWgs7bHAhy77
262144,100437,1,1,0,4,1,4,218.119140625,218.017578125,439966,34139,30054,85,23341,2938,jsonschema,QmPgkfcZiaM9EKQRcyr8EkeELFX7Fiw3sghBUWjCu18VeZ
262144,113322,1,4,0,5,1,9,218.119140625,218.017578125,481411,39525,37537,85,23341,2938,fastapi,QmYttpr15X4ZaP9XLWBEEYFb7PqsGDERXz3LVkJz8ykvYc
131072,80864,1,4,0,3,2,10,218.119140625,218.017578125,267578,28591,22571,85,17628,2109,databricks-sdk,QmQP3oNLp6dxJfXWb29dEbZsoNGXyiv6aBnXz2ihdyovym
131072,48187,1,5,0,1,5,9,218.119140625,218.017578125,135876,17431,7605,85,11915,1280,fsspec,QmfQBJr9QrdakMPA5TCM3PwyD4XKfBSdxfxrT5rkawahKe
131072,67847,1,5,0,2,1,4,218.119140625,218.017578125,248736,23057,15088,85,17628,2109,opentelemetry-semantic-conventions,QmcjuvrTSYdAG7EH76p5eX8KT2Yqw8poztwqCQY88S162V
131072,67632,1,1,0,2,1,4,218.119140625,218.017578125,191723,22842,15088,85,17628,2109,sphinxcontrib-bibtex,QmQbJrfiaqyonKwDxaNjYay6SLm3ZiwRfMoonRXXVTdntc
131072,48018,1,1,0,1,1,7,218.119140625,218.017578125,135232,17262,7605,85,11915,1280,nvidia-sphinx-theme,QmQGsJB9guqoT2QynGmungYzQ1vdt1jdMiMYyFZwDz7PU9
262144,185290,1,1,0,10,1,19,218.119140625,218.017578125,861982,67536,74952,85,29054,3767,librosa,QmPD4y7qfz3ksNFgjaDNjcQkm7LmxkpXnc65Cfvpgp7CtX
262144,185270,1,2,0,10,1,19,218.119140625,218.017578125,897745,67516,74952,85,29054,3767,wandb,QmagyYuNq382PWF5TobztfrY3FKbwGgtdumwWavpGkhzhw
131072,80689,1,2,0,3,1,8,218.119140625,218.017578125,288148,28377,22610,85,17628,2109,pyannote-database,QmNksgSf1mXnWcFkRKuPS1gFQMshp66ZX8krFdgEuc3eZm
131072,80673,1,2,0,3,1,9,218.119140625,218.017578125,333695,28400,22571,85,17628,2109,nv-one-logger-training-telemetry,Qmbtg3EHfruPKh5PirCo5xgJk8d3utuJvjjua5b3v7m2Rw
131072,80852,1,4,0,3,2,5,218.119140625,218.017578125,275037,28579,22571,85,17628,2109,opentelemetry-sdk,QmUfmW7L646HkSjA3KCmu9qQYonbR4GUV14BmwrNnTo5oH
262144,139495,1,3,0,7,1,16,218.119140625,218.017578125,650035,50641,52594,85,23341,2938,pytorch-lightning,QmTkGCGPSM35jqAR24yeN7jrN8wYE6ZBneeAT8ZctgzkWU
262144,159199,1,4,0,8,7,26,218.119140625,218.017578125,727849,56411,59986,85,29054,3767,huggingface-hub,Qmf68Y9LSUfciiJdoZjBXqjgBgkqBesWseVAC6hyKDvS4r
131072,80639,1,1,0,3,1,9,218.119140625,218.017578125,222250,28366,22571,85,17628,2109,pyannote-metrics,QmWxtoLW2hy8pMxAgBqn9agfoZWTHALzvzcBKWnJQyf2Nb
262144,172221,1,2,0,9,1,25,218.119140625,218.017578125,809762,61950,67469,85,29054,3767,torchx,QmbpXmVvNJuvmWLcjyHWoMP26cHmGLRbVCpbhaoXYWVbEL
262144,139598,1,3,0,7,1,23,218.119140625,218.017578125,653102,50835,52503,85,23341,2938,mlflow-tracing,QmearJ6tT9E9CoEdogHS1aNxYrJFzXZzkLwJ5NXjbySgb1
262144,159083,1,2,0,8,1,17,218.119140625,218.017578125,748362,56191,60090,85,29054,3767,lightning,QmVBf9DxMpD13WywcLDQWHQVfQmqFjHnDGSzTnzAn2Amf5
262144,113510,1,1,0,5,1,32,218.119140625,218.017578125,509175,39713,37537,85,23341,2938,mistral-common,QmbqWb4mAPPHhTj2v3cqpvYr4GbYitaKKWxTj7Ay5ELwiN
131072,48197,1,3,0,1,1,27,218.119140625,218.017578125,153585,17441,7605,85,11915,1280,tokenizers,QmVCrGnV8zJSrRbU1LNA5Z4e8JuFL1GieoPEJT4XdH2eJb
262144,113502,1,2,0,5,1,29,218.119140625,218.017578125,576184,39705,37537,85,23341,2938,accelerate,QmPDuiDmeSoKiBRaCmYZJm8too7bypsfJG9x5zjpwdiDVC
524288,283222,1,3,0,17,1,36,218.119140625,218.017578125,1384219,106292,127554,85,34767,4596,mlflow-skinny,QmXwRH9kFY5fS538cFWX6DQDGYx9q7KejnnLDMbx4Nbe6p
262144,113500,1,1,0,5,1,32,218.119140625,218.017578125,492723,39703,37537,85,23341,2938,mistral-common,QmeGKQ5QDgRLuhGxRPpWo9NUbuPMRJiaftK8U9oP5fJPz8
262144,113570,1,1,0,5,1,28,218.119140625,218.017578125,455356,39773,37537,85,23341,2938,nv-one-logger-pytorch-lightning-integration,QmbJHvSAnzb5nZCFK3WEvSekgnLYq43kiQNS4KhWLWsmsX
524288,224212,1,2,0,13,1,39,218.119140625,218.017578125,1187974,84009,97401,85,29054,3767,datasets,QmTMHgM51srVs32ihSMmf1gLsaRbaXa1nux4GQ4D3KMNnB
262144,198114,1,1,0,11,1,55,218.119140625,218.017578125,715630,72877,82435,85,29054,3767,nemo-run,QmVjD6ztd4KvtdDE2yEyvHuSqo9GSHXQQKxJCyCm3e29PJ
262144,159009,1,2,0,8,2,30,218.119140625,218.017578125,626278,56221,59986,85,29054,3767,transformers,QmeJxusdnykkF6V45sbNDxZCXTqMNhAsCEy3PwcteQpAyc
262144,185270,1,2,0,10,1,63,218.119140625,218.017578125,421440,67516,74952,85,29054,3767,mlflow,QmV7akfuLdCkkdud1cPwZdWw38hSfpHWRZKiqZFwxdh1MW
262144,158777,1,1,0,8,1,33,218.119140625,218.017578125,389441,55989,59986,85,29054,3767,peft,QmcZUTLkJtY23JC2oDyH4AfDgXnseWD6Lri8rBKN3mdw6K
262144,197949,1,1,0,11,1,100,218.119140625,218.017578125,382131,72712,82435,85,29054,3767,nemo-automodel,Qmdj7UuUqs5vQGv5jXLWkrfEHsWEVPxFDS1dFoeXHEed5k
2359296,2011816,3,0,0,148,0,351,218.119140625,218.017578125,4805140,835190,1107606,85,51906,7083,NeMo,QmNdCtb3tfKGCtSD2tPbEiJ4rPiuWNLK81iSshiWPpad2V
