total_cycles,user_cycles,depth,verify_duration,children_count,parent_count,descendants_count,receipt_size_kb,seal_size_kb,comp_name,cid
65536,27779,1,78,0,1,0,216.087890625,216.017578125,alabaster,QmWcU5JBFS7LnWM9mzF5ai4fnaiDyXxEsoxriiUowuv4mZ
131072,47357,1,158,1,1,1,454.671875,454.6015625,attrdict,QmNho1phFZaSEjYYxvUfdJucFGdbPKdGVw5J7Chboj6x9B
65536,27991,1,77,0,1,0,216.087890625,216.017578125,audioop-lts,QmTx1wP88d3wv9r1NDonnaF7f24SBCh67o9pFoy3oxX9Mp
65536,27818,1,78,0,1,0,216.087890625,216.017578125,backports-datetime-fromisoformat,QmaoinXTCnrDm1SXWAaq68tebmeKzGr35wzJZQAcpfnFmp
65536,27769,6,77,0,10,0,216.087890625,216.017578125,click,Qma5nMrGcJL5scA1ZcgsDPw4gXdbCbj4qoL83fbhzXKmjZ
262144,111865,1,459,5,1,5,1330.4453125,1330.375,black,QmZeE3ECEDL7JTK3RxRD9vdvF5ToHs6PACHqrygBcPbytC
65536,27767,1,77,0,1,0,216.087890625,216.017578125,cdifflib,QmVC1CrDkNu9ATh5vpqSkHDwASQFyoUptWXuFvqAqYqSqd
65536,27779,1,77,0,1,0,216.087890625,216.017578125,contourpy,QmbHLBdAAZN7JwnvhtnimzvpZpiHw5MJgiZiSqpmUK5o1U
65536,27779,1,75,0,1,0,216.087890625,216.017578125,contourpy,QmWRKzzBXoF5deBAQXKX4wYgAPUDL7SyuYC9hfJArNgyyy
65536,27586,1,76,0,1,0,216.087890625,216.017578125,coverage,QmPudxYqfgq8iEsQbDyApXvPjaWaLxkC82h7pdF4d8Gdqh
131072,47408,1,154,1,1,1,454.671875,454.6015625,cuda-python,QmNsB14sNyb22CghWyYQACLKkmccLHGJ6NFQugcrmgmBHZ
65536,27989,2,76,0,2,0,216.087890625,216.017578125,cuda-bindings,QmSq3aQZksGWNhqvCestvKVFhB6z9MahPvR4Z2tydShUCa
65536,27999,3,76,0,3,0,216.087890625,216.017578125,cuda-pathfinder,Qmc4rQTY2T99Zd58V5hvYatQhrUwi3AsNwmuXv8x88tqKG
131072,66938,1,227,2,1,2,670.755859375,670.685546875,cuda-python,QmUbHsXHH2RWjdQnB6NYu47Jswdqr6FuAUmLUe4Scuhnwi
65536,27586,1,76,0,1,0,216.087890625,216.017578125,docutils,QmYkbRCubRG84izGASWGP8iHida45dwLyjqWXMHdhtRH4T
65536,27586,1,77,0,1,0,216.087890625,216.017578125,docutils,QmeRte8QDSfLXc8pzMk4a4nHrLYQDfnKFDtQiE3bKmD8v8
65536,27809,1,76,0,1,0,216.087890625,216.017578125,editdistance,QmZfmCHD3e3EAedEaY5b5Em7kAWiPSKTnsf84ybmLwgJYv
65536,27989,1,76,0,1,0,216.087890625,216.017578125,exceptiongroup,QmS3kUYr8QXaSRPQJZq5TtATC7Fo4tMx26tspNkjVMJVZ9
65536,27767,1,79,0,1,0,216.087890625,216.017578125,greenlet,QmRncpfnartZKUXEPQkowtex1bKJrAzys8NUu4VtcXs9rJ
65536,27586,1,78,0,1,0,216.087890625,216.017578125,gunicorn,QmXz6LvNca3W67pfAeXsLA293j27UuiHKUzAmz9mZtCgyq
65536,27972,1,77,0,1,0,216.087890625,216.017578125,hf-xet,QmWFkAWzh8agTJyXfyW62BUVsG8zocLbv561LsPaLqqgZM
65536,28006,3,78,0,2,0,216.087890625,216.017578125,antlr4-python3-runtime,QmSUuaWjN3pEtsCpyqxBK3XwAkFPTzVPRr6UegLv3gtqfZ
131072,66742,2,234,2,2,2,670.755859375,670.685546875,omegaconf,QmbiawQP4GTD3UgHYocbbK4pPjavbuEUabbcynqoVHQMwg
131072,79714,1,467,3,1,4,1341.5078125,1341.4375,hydra-core,QmcKD1rJ8UFXectrFoiCJnp5k4unyDtTK3ahk4dX24Qt9a
65536,27779,1,77,0,1,0,216.087890625,216.017578125,imagesize,QmPvjwWbrgFfQyXPL7djhybdN5VX7mQND1pX1pvA54ow14
65536,27999,2,76,0,2,0,216.087890625,216.017578125,more-itertools,QmQafbUaWjXbDvDAvd4xeFVfCbkWTfzWBjdyB3deWaL5ix
131072,47382,2,156,1,1,1,454.671875,454.6015625,typeguard,Qmeg8CPSpA37r68v6WccFy9qiWmuJXaSdvmHsyYM694pNA
131072,66919,1,308,2,1,3,909.33984375,909.26953125,inflect,QmQJxfQLuhSsdC6MitMrfyhSSXUG96mNPShU1UJAP3YBP2
65536,27992,1,75,0,1,0,216.087890625,216.017578125,ipython,QmXAqqwonYsmNyaMAjPyMgiWEJzAQk2ExkEgF2xwNoRRDN
65536,27992,1,75,0,1,0,216.087890625,216.017578125,ipython,QmdT23hFiZ2CF84oTHk42h45n7eUq5W7f1Fq7MY7jP52Ps
65536,27992,1,75,0,1,0,216.087890625,216.017578125,ipython,QmVvtYyikYrfaXV3JacQ3y4SLTzcsj2FpxuMRgw8jLtpQM
65536,28016,1,75,0,1,0,216.087890625,216.017578125,ipython-pygments-lexers,Qmb3HekDjMrdRUKSJ6gymK7wsW2nN4HXuLaPo7UGZMuLTJ
65536,27972,1,75,0,1,0,216.087890625,216.017578125,isort,QmWqJRfA6WJK9vSqV8BDnCwPNc4Wexaq7rGeHe7iwDNkEt
65536,27972,1,75,0,1,0,216.087890625,216.017578125,janome,Qme3hNKjbjsjaBH8RtHKjhpPqm9zcSjAzodBZkbALH7MMb
65536,27972,1,75,0,1,0,216.087890625,216.017578125,jieba,QmR8pNTZLXkXjhu5nFxqEFaomaDigkCFGy5yePkz7XnBoE
65536,27981,2,76,0,1,0,216.087890625,216.017578125,rapidfuzz,QmbmS3kRKfCdLiLQQV6pahcMnupVbpWQbda9VzzxrT2DL7
131072,66732,1,229,2,1,2,670.755859375,670.685546875,jiwer,QmShNjUKWBRNmk6swisdmcEtKAtUizboHftiKGPh4RoPsj
65536,27972,7,78,0,3,0,216.087890625,216.017578125,attrs,Qmbp4cdeCiDeQY4wWb5oQAqbm6V7Sek27nbfURHeLDiKau
131072,66938,3,235,2,2,2,670.755859375,670.685546875,referencing,QmVrGhPUka5QR7EjV8botjksUPMrrQC7PnTr1car63RBJP
131072,47400,2,309,1,1,3,909.33984375,909.26953125,jsonschema-specifications,QmNX3okKtUWEJ8yjYnMa74ZPhaU9dErYretCA75TTgJzLG
262144,99062,1,775,4,1,4,2262.28125,2262.2109375,jsonschema,QmcGJGTXa9MwLEwJdiAbR3JUaDmMmimUtkbvQjv2RuCjoj
65536,27999,1,71,0,1,0,216.087890625,216.017578125,kaldi-python-io,QmVu1zGtDdBnhdx85p4VRzQuZkBeDATapskSZWbtdxfgiQ
65536,27981,1,72,0,1,0,216.087890625,216.017578125,kaldialign,QmU7JT22u33QvU8141SByc4hUZrudf8PmJ2skE4qA7rmRq
65536,27981,2,84,0,1,0,216.087890625,216.017578125,kornia-rs,Qmcenvvhsrcoiost4cqq6vbN3Rcrg7e9UTCtE6gmra9LW5
131072,66909,1,231,2,1,2,670.755859375,670.685546875,kornia,QmQbj5GqR32PZhdh1VQeULoYAuQVKaXBBdQ6JNXjfHcenz
65536,27779,2,76,0,2,0,216.087890625,216.017578125,audioread,QmerjNVstGthJ4Dz7ieUUNQ6vLsPSrn3EbJnq6Pj9KM3PV
65536,27769,3,76,0,1,0,216.087890625,216.017578125,toolz,QmYSMxeQGLsyAbXtckeu6NnBjCxAcL9Q8E6Uz4ybq3eXg5
131072,47572,2,156,1,1,1,454.671875,454.6015625,cytoolz,QmTgMJ5rhmpCtGkUS7cUwi9Qs1dRamJM9swf7cGzBF8y5j
65536,27784,4,76,0,2,0,216.087890625,216.017578125,sortedcontainers,QmPMpstoFX2RXJMr8BXbSzQubjakHyeoxSWazUcMaASLGx
131072,47399,2,154,1,1,1,454.671875,454.6015625,intervaltree,QmeW6eZxWchA84iKyqjgiP8pdmjj2Fu9KRNWGMUFw7gBr3
65536,27972,2,76,0,1,0,216.087890625,216.017578125,lilcom,QmT7F3idgZmj6mJyJFs2o6M8LWen6Y635Ctw1coNZFh7pE
65536,27792,3,76,0,1,0,216.087890625,216.017578125,cffi,QmeqcRD43BUNdirbu1BKQt3uPbRrCBTyhrfky4QYzygueC
131072,47571,2,155,1,4,1,454.671875,454.6015625,soundfile,QmexiRcYyVSZHM9TbwQXqvvMeJjHF4WGBM2XTsrTg2FnUU
65536,27586,3,77,0,3,0,216.087890625,216.017578125,tabulate,QmXVZe5twhe2KeirUTT4TA3cqM4uPqTrjycSvNEtymkVef
65536,27577,5,76,0,11,0,216.087890625,216.017578125,tqdm,QmSj81N5JVouyyDZtZ4YnTUgetHJQ1ec4yB7SqsEbxHK2B
262144,182387,1,895,10,1,13,3126.6171875,3126.546875,lhotse,QmZwABL3bh7iQs2tZvALuDjHFUPHGz26BvapefBt1QHpKB
131072,47368,2,66,1,1,1,454.671875,454.6015625,lazy-loader,QmVHYHksJKZoh9zKuQ9MXRLNrQqWnkpqCQwvU9gMmmhYCb
65536,27982,2,77,0,1,0,216.087890625,216.017578125,msgpack,QmP4gayfEiQ3YLufoVjqpunynb8tJ68i1LV7VDv2LarZqE
65536,27586,3,76,0,1,0,216.087890625,216.017578125,llvmlite,QmS78aGysDMVA7NZCAZcPs2FPQPN7E4eXKbaZGEEy4T4Sr
131072,47562,2,153,1,4,1,454.671875,454.6015625,numba,QmZhHSTS7FPco85tBdNGKDtKbtUHPdnUy8Hr1C4M8Aq3By
65536,27997,6,76,0,1,0,216.087890625,216.017578125,charset-normalizer,QmWucNGuKfb7AiSyBEbe3UF91Xnc9F1EkCWZsxDMzkomyG
65536,27811,6,76,0,5,0,216.087890625,216.017578125,urllib3,QmSuMT2jGNLyf1WwwD9SS3C6UH3WEHEGr25ohsWSoeruZA
262144,98657,5,387,4,8,4,1114.361328125,1114.291015625,requests,QmZzYJByoJcb4YUgUj4bQbFjTC1K2FwUY1EXKkqvyhNbMW
131072,79541,2,631,3,1,7,1785.11328125,1785.04296875,pooch,QmQDFgeAij6P4Z2Qec7ZLp6VXvBRkdLxUbnEgZV9kr8vtU
65536,27792,2,82,0,3,0,216.087890625,216.017578125,soxr,QmVErAakR2CiiRGMJ53NDDnYsNaihojJuuKPuM1e8Pb15V
262144,182397,1,1023,10,1,19,4695.642578125,4695.572265625,librosa,QmVyW1iqNHCMfhMZpFX5XFg5dfT13nHxGnKdVUfcAtaLr3
65536,27989,1,77,0,1,0,216.087890625,216.017578125,markdown-it-py,QmZC5JPcnvYtrSZgXgPdrctPHhTxXZvjF3geQFkTjsJstz
65536,27989,1,76,0,1,0,216.087890625,216.017578125,markdown-it-py,QmVv1mNz3Ywq8bTVDcN22xuHuaz3h4NsCDbJCsCzDjTvUZ
65536,27991,1,77,0,1,0,216.087890625,216.017578125,marshmallow,QmRDzQTENNfQvdMPL4VQKsh2BetrEQSkKdmMyDBZ69rmQy
65536,27999,1,76,0,1,0,216.087890625,216.017578125,mdit-py-plugins,QmNh49F5dXTJHtf7aukrBHVunyCnUhfTi3MGnYbxLs5cud
65536,27982,4,76,0,1,0,216.087890625,216.017578125,cycler,Qmdm23xGrjN8aNvQm7fVZSBRowHs1QXFJSGVm6UbgXY2eU
65536,27981,4,75,0,1,0,216.087890625,216.017578125,fonttools,Qmd8HUZVceg96Eggwi3Rqx4rhzpmssPcyHaHG1mPbN96zc
65536,27981,4,75,0,1,0,216.087890625,216.017578125,kiwisolver,QmQWLeAeRu8D9fZgYv4n8vBGBu23xMsWJ4XFJswE7XLuGL
65536,27982,4,75,0,3,0,216.087890625,216.017578125,pillow,QmQHBKLGGDdDmRKMtw7ZesDKYYrnU2S5mz5doN3whABxVH
65536,27779,4,76,0,1,0,216.087890625,216.017578125,pyparsing,QmNamxVYvyAtJUYaLL2B3JKWAqRcTu8ihnt6Rgvax3S4sU
262144,137466,3,676,7,3,8,2001.197265625,2001.126953125,matplotlib,QmXcA7AAXwChUjmJsJYj7NyzoVHq9ie7CUPCEK17kdcKxL
131072,66919,1,349,2,1,9,2455.865234375,2455.794921875,mediapy,QmZVVmvbSwmRYbXxzbzzhw4V4Q2hkAboTXsRaeTf28fsjY
131072,47382,7,157,1,1,1,454.671875,454.6015625,aiosignal,QmTZyWVuGGyxk6uMwYLMpod9an6JwT2fbnpyHz6H9Bf3sC
65536,27779,8,76,0,2,0,216.087890625,216.017578125,multidict,QmeqTKtafSWNzjfZMYKFJJ2Xvbfv9CGVFFyLhy4CA3VyHM
262144,137467,6,766,7,1,8,2910.533203125,2910.462890625,aiohttp,Qmep3KRx3EsLd1KYyBh3c3abkfQMNssnpkjhyy3LRFoayf
131072,47571,5,868,1,5,9,3149.1171875,3149.046875,fsspec,QmWUkxvfhGZW6UoU7yep5NPcUKw3Mz1L3vtiVzeYdUoJML
131072,47562,6,64,1,3,1,454.671875,454.6015625,anyio,QmZM25RPRMvfGbNWdWAYuA2TuCGjecum96nbv4CVMqpZV4
262144,99043,5,625,4,2,5,1807.61328125,1807.54296875,httpx,QmPNhuT45U9Lpmj5icYUsAAnDd3Zihc4Eyc1GYjvkdqC6t
65536,27586,7,75,0,4,0,216.087890625,216.017578125,pygments,QmeB1GqVLMYhpqtrb9py5851PdqGDwNuTsdWfTFUY2qCE9
131072,47167,6,153,1,2,1,454.671875,454.6015625,rich,QmeXfBqjFypshxtDKrW38MK4TfpLG4nEU6tjrxk6CpRUYp
262144,99043,5,466,4,3,5,1352.9453125,1352.875,typer,QmPqocM3KFP9PGwEZg2jK43MnpYZQnEMhhPdCGri8LweNy
262144,156812,4,1433,8,7,26,7640.109375,7640.0390625,huggingface-hub,QmYkbPDVGkYNuJxAXh94cCheGq4g717nXenVd4HoveLx1R
65536,28015,2,37,0,3,0,216.087890625,216.017578125,opencv-python-headless,QmbRrmYbgcVp5zdsyV5cbBfeRm3N97TB2MU5YFTM8X2cFW
65536,27786,2,37,0,2,0,216.087890625,216.017578125,sentencepiece,QmPqYidVC2ZCXHrmnKeLPGgxgxcoYUcMK1WPrivUyhCwXJ
262144,111882,1,1743,5,1,32,8993.05078125,8992.98046875,mistral-common,QmQztuvKFC51x1ZENN6ZrC9LLq1Zbz55TMoqTuuUKG6wje
262144,111872,1,1784,5,1,32,8993.05078125,8992.98046875,mistral-common,QmTivKDBw2DX5MAGFhd6BP3AN1Qz2d2w9niwAJfZa3b1qC
65536,27991,1,77,0,1,0,216.087890625,216.017578125,myst-parser,QmcsbKR2jdFoj2jhbmN5Sz5LpuLJdGGwoT5uDp8EgH9VeP
65536,27991,1,78,0,1,0,216.087890625,216.017578125,myst-parser,QmehD6dsSoEF3ZgxUtMTtvyc2ttMYz4Xd7vYXjryogQNhX
65536,27792,4,77,0,2,0,216.087890625,216.017578125,dill,QmTx4kUGLhg3TLnWhsvcsVx3vFxKRVwn8gFdJPs6BoHPn6
131072,47400,3,154,1,1,1,454.671875,454.6015625,multiprocess,QmZVMh9Tyfvp373FhTpfvX1UMgiGRzTAXRRdEDGbyuLYuf
65536,27982,5,77,0,1,0,216.087890625,216.017578125,tzdata,QmUNpgCpd4kiS32bNP8AVmeJguorNdeFkGHjxyWFykn1LU
131072,79705,4,383,3,6,4,1125.423828125,1125.353515625,pandas,QmUZebBw3528tREADac3pPkyhNgWrVGfgB8bgqT3gEUk7z
65536,27972,3,78,0,1,0,216.087890625,216.017578125,xxhash,QmSaA2i3n1qHKVPnwJG2Q7UU5zF3SMe3DTFfyABuKTLspS
524288,220560,2,2978,13,1,39,17065.82421875,17065.75390625,datasets,QmZoHGtEjPxtCfssmGs3iiAZFrMrFJcRxsJY9aoRGsmENg
131072,47571,2,65,1,1,1,454.671875,454.6015625,flashoptim,QmZViiDkxr8SL7MSu54EqzrzjCRQhipBeF6AUywaRnHC4t
65536,27972,3,78,0,1,0,216.087890625,216.017578125,einops,QmYF72MMfFWNPuodxXMrGjgZ1jAnzDoKzYFEK26qrsZe6q
131072,66749,2,230,2,1,2,670.755859375,670.685546875,megatron-fsdp,QmfAyixJ6141nVs7ZBSzMmbZ6fAGtHaRRMJMMVjUbAcxEM
131072,47167,4,154,1,1,1,454.671875,454.6015625,mako,QmeynQKsFZvtspmGZzFDQicQmPNnC3GrgNkaZ54R58fWBe
131072,47581,4,154,1,3,1,454.671875,454.6015625,sqlalchemy,QmXQzgdoxiMnUjvzjBga4W6udtX2dJ1ePFAD97R5S4rdEw
131072,79725,3,471,3,2,4,1364.0078125,1363.9375,alembic,Qme9XzgXSEEVabK2sAk11M3URkNzrhyDcN7rZQkKUvbzr3
131072,66909,3,534,2,2,5,1569.029296875,1568.958984375,docker,Qmc8iF58ECBrWfAkHhhaKtxy6ESsfZSTAGBACm3PvMrwsF
65536,27982,4,76,0,1,0,216.087890625,216.017578125,blinker,QmT5qpJnFXvKXAcMZfvJPnJXR887SR6jZy9EXh4gWWXvMZ
65536,27809,4,77,0,1,0,216.087890625,216.017578125,itsdangerous,QmSJLjY73ZJeXsx2tqg8oDzANubSqALxmwK5w8cVMMa3h5
131072,47357,4,155,1,3,1,454.671875,454.6015625,werkzeug,QmbKrZv9VqGkDEcBfgYoqBNQhC17KBMmUBBCdAkUAaGrfo
262144,124526,3,650,6,1,6,2023.697265625,2023.626953125,flask,QmPEnxJ2uxBzo2JkWbPjsvjL71jnUbGkfj9pykhkGK8Wg9
65536,27809,5,66,0,2,0,216.087890625,216.017578125,graphql-core,QmXB7XnTmGQjRa4EZwemGrXCG8CcPxpX7yxtsbPaxLGax1
131072,47389,4,155,1,1,1,454.671875,454.6015625,graphql-relay,QmZUcrjaZ9bVu3rTuJUWH5tdpDPwPr4RHwLsdq2bboo5gu
262144,98838,3,528,4,1,5,1591.529296875,1591.458984375,graphene,QmcZEXUfEfJgV67AUxBR5tKPLXbU7c5NX14FGrZgYhEb5W
65536,27981,4,70,0,2,0,216.087890625,216.017578125,cachetools,QmcVe4ZPPwWiQ5cJK5jhgLdiZLhHvUtYStV337wT6E7Cwz
65536,27991,4,77,0,1,0,216.087890625,216.017578125,cloudpickle,QmXuR6XpVHGo6AMmfZDJZjeiQVJDyg6zgYuPNgsGLanESj
65536,27594,6,76,0,3,0,216.087890625,216.017578125,cryptography,QmUpEtdGpo1McTPKgdW78JRRRCsbTdpTu2SevK3XH9z6wG
65536,27972,7,76,0,1,0,216.087890625,216.017578125,pyasn1,Qmf1d8ADkcGuZ3pNdcouhoaqNPdXVs1D3GniS3yrLNbMNN
131072,47579,6,155,1,1,1,454.671875,454.6015625,pyasn1-modules,QmY9PhkJzMx16PM8LXQFpLWETcnwXEN43nw2D8K5CzSgxh
131072,66938,5,307,2,1,3,909.33984375,909.26953125,google-auth,QmaS6VFma6SYoGG2iEHBDjVhvmsenJTg1V8WfTz1a3dWCv
65536,27586,5,76,0,6,0,216.087890625,216.017578125,protobuf,QmQddz3DNEg9JCdq8dzP7sr86tWhZQQVArQdKqynkfZyzU
131072,79742,4,798,3,2,10,2478.365234375,2478.294921875,databricks-sdk,QmSz1Swe6KUVpBoRjKKP7ap4BWNbjqJn9pNLzta7zYNBUd
131072,47579,6,154,1,1,1,454.671875,454.6015625,pydantic-core,QmS5QnY4BvgGrnb2hA5uf5ZcxrHFW7AQcsMdoQDzyGJW3r
262144,98657,5,511,4,6,4,1591.529296875,1591.458984375,pydantic,Qmc9pUUKjVGQ4z2SKQ52wxQVhYKvvVitCc55cC7VveKo5D
131072,47382,5,97,1,1,2,693.255859375,693.185546875,starlette,QmTFRxrK2qJ7YQ7fHofkXFTXf9dy4uJgE5kebLazCHXM1W
262144,111694,4,779,5,1,9,3421.638671875,3421.568359375,fastapi,QmV8wTBc7MVeNQiqGtzXULuAxLz6tXtrVtCDZAu93u422x
65536,27769,6,35,0,1,0,216.087890625,216.017578125,smmap,QmUGgCG7rDrT6AjEAz4odAdCBtmBmZb52gwg8mwfJkUsii
131072,47562,5,155,1,1,1,454.671875,454.6015625,gitdb,QmWobMKvs8wG9uq81wDDC4DfR5D2kRR5QJ7hh2BVNg5Xm9
131072,47571,4,233,1,2,2,693.255859375,693.185546875,gitpython,QmX2fgMSaPdUSLWZZurJzBrvb14JiBj6YLpEFCjKGKzG9M
131072,66934,6,307,2,4,3,909.33984375,909.26953125,opentelemetry-api,QmXyxd56crrDEzDPcFxwAFKZBY2pYp8PzsCnEzsx5TYNMn
65536,27767,4,77,0,1,0,216.087890625,216.017578125,sqlparse,QmVZWoq6SC3HHj8q3wncRhAzYvXeHWnV2X5iEjpr6Zfn3c
131072,66929,4,229,2,1,2,670.755859375,670.685546875,uvicorn,QmaexEL3nXZSPXHQHAUZvVp1EWYw1HPtWCSQe9LsDrvYXn
524288,278558,3,2678,17,1,36,16052.529296875,16052.458984375,mlflow-skinny,Qmb24ww2x6LtSq7wCJPtLzwSrwmsfKDY3CGUQQYevWvdNT
262144,137464,3,1721,7,1,23,8605.5078125,8605.4375,mlflow-tracing,QmQ4gKeAM2fmu4W4JsHQbebchfQDnojTdbDn6KSA1cGnbq
262144,182377,2,5391,10,1,63,35253.66796875,35253.59765625,mlflow,QmWUxnFhAATdsFgosJ71kxMzUKynmuxAdkRGz43oWHCbdg
65536,27767,2,34,0,1,0,216.087890625,216.017578125,pybind11,QmYL8xxfPVvNLKG2U48s4D2FtdryngbVvVk5n5XcTmzXnT
65536,27992,2,32,0,1,0,216.087890625,216.017578125,torchao,QmRUcjU6Knx5nW9htHDLpQnctqhwrXofsCVVDodEbLuahX
131072,66918,2,531,2,1,5,1569.029296875,1568.958984375,torchdata,QmYNePWn9VANSPebJBU1Ug8cehXCHRzCkCshV9CHwQPY6i
65536,27767,3,76,0,6,0,216.087890625,216.017578125,regex,QmdGXTGXqXY5n4PXfd55XNrbSYs5JvBuaeypS9ugJAXWyE
131072,47581,3,1612,1,1,27,7878.693359375,7878.623046875,tokenizers,QmegD4nwuPMoz3V42eDJQF6MCkHNx97E4sGeuaQ9VwuqEx
262144,156622,2,3082,8,2,30,18202.181640625,18202.111328125,transformers,QmXNHrenEKBwa2DaDgHDNfBjoeBKzmi2TUDzWQbgu953WK
131072,66928,3,117,2,1,2,670.755859375,670.685546875,sentry-sdk,QmYEWoWksxAmumATPihhK9usUqiBdGfhDJtdwWCU67ixv6
262144,182377,2,1503,10,1,19,5616.416015625,5616.345703125,wandb,QmY8vB8GHRMCJMNgeaGYnTVE3bwNCttvAsNM1GHwyJkKZs
262144,194803,1,12285,11,1,100,79946.880859375,79946.810546875,nemo-automodel,Qmao4ynTqCdzGBHknfWDo7VQpbF5idua2MEjcaANpKw1mr
1048576,707319,0,34,50,1,184,218.056640625,217.986328125,Batch-L0-1,Qmdv7iMyyfnEL5GQvqPbjPorHWCBZeGG3ZFURV3FSFs6gn
65536,27981,2,77,0,1,0,216.087890625,216.017578125,catalogue,QmZzEq6bsZoLeD5V1ADr2Y7LN9CwcFCk1NhNCDDCx7seeB
65536,27769,4,78,0,1,0,216.087890625,216.017578125,wrapt,QmXE3MGrZzn2UCMc4A8dkPEVp28y56Vo3VJqt28ZcFJdK4
131072,47571,3,157,1,1,1,454.671875,454.6015625,deprecated,QmRRToYhGiPMpmStgckEZeg8FDSBcg7ztnq2zUAPGdpH1y
65536,27972,4,76,0,1,0,216.087890625,216.017578125,pynacl,QmW33prCvDEwqy6qcmS4NgmE6hmEF1rrrTDakSD8f1EqHF
262144,98838,3,378,4,1,4,1114.361328125,1114.291015625,paramiko,QmZrBN9axXSoFp1EDSRP4Hw7yaPkMZWVxvzfZftPc37rep
262144,99043,2,617,4,1,8,2251.21875,2251.1484375,fabric,QmcutLUoksW8cWAQd1NhGT6WYzSfH4yW6bnTBGhF6g8ocW
65536,27982,3,32,0,2,0,216.087890625,216.017578125,absl-py,QmZrmJkeFvGU8f2btngqBBvKvmm3TWRvsV3jxzZwwBPsi1
65536,27565,3,76,0,1,0,216.087890625,216.017578125,graphviz,QmZhwrYBrVYRWA5uQs2uRaqCRSc8Dc6HQJQm2152YQx8KB
65536,27972,3,75,0,1,0,216.087890625,216.017578125,libcst,QmdKZZt2ByXn1LWBxE3NVCnJVRAT4S6YKKTpJZcKsrfAVF
262144,99043,2,382,4,1,4,1114.361328125,1114.291015625,fiddle,QmRjopSzFsJhWQoAfERNqjtGRi73FDs6JiLfi764M3VM3v
65536,27792,3,76,0,1,0,216.087890625,216.017578125,pfzy,QmV2bhhvdXXKxYvcsvGJR7qFKKB3xcLgEGgYHbarXd21V6
131072,66918,2,306,2,1,3,909.33984375,909.26953125,inquirerpy,QmXXDHHWTspbXPFCRrjGpyQKJSFQUwoAW4QQyfXCeh4cQv
131072,66926,4,228,2,1,2,670.755859375,670.685546875,typing-inspect,QmZDteFK3iFZtbX2rDtvp4aK1KyxJoizF58Uh6pU43a2Rw
131072,66946,3,381,2,1,3,1125.423828125,1125.353515625,pyre-extensions,QmeiFw8qBq2deSsQFLMv5PUSsXrcuRDTBaZLL3yospSMok
262144,169581,2,1551,9,1,25,7628.671875,7628.6015625,torchx,QmcrArzMjGUsnxyspXDTPoPR1YAnfcFYvUC6AoxXTvSwWF
262144,194968,1,2805,11,1,55,15734.8828125,15734.8125,nemo-run,QmdhfCR93NSqeiBjqyEVH8tivt2PDMGzokiSb5wUKg6ZAw
65536,27826,1,76,0,1,0,216.087890625,216.017578125,nemo-text-processing,QmYJvbG6JNfJVkSMQ8J6BT4aUffmWAE6r2QYPpXhewAXHT
65536,27788,1,76,0,1,0,216.087890625,216.017578125,nemo-toolkit,QmSdgExfLfNdygg2ae7Z1Vsabtj8ZRwG6inzvmGkVo7qZ9
262144,98863,1,387,4,1,4,1114.361328125,1114.291015625,nltk,QmZ5Cftxq1y7tuiLmoK3QYG4GnxzdgXSTkDxjfL3ZQExB5
131072,47581,1,239,1,1,2,693.255859375,693.185546875,numba-cuda,QmbmqCawGpsHN1eMuLQHHAQi14BPQ3Gc1nPLLYT4NkN985
131072,47382,2,155,1,1,1,454.671875,454.6015625,cuda-core,QmbsLQHjCyV8LXnhs3mW14tbRoc4Byy7yKKnbfqeVMKtQv
65536,27804,3,77,0,1,0,216.087890625,216.017578125,nvidia-cuda-cccl,QmTqqvDWiXfGPNqpLFMnsfipcXKgvcQF7gaDEEHz8uVRXk
65536,28007,3,77,0,1,0,216.087890625,216.017578125,nvidia-cuda-nvrtc,QmeUAkKKMyTqvg7Wk4Eaumg7wWXd9tZxAhQU9gmh2jGXK8
65536,27802,3,76,0,1,0,216.087890625,216.017578125,nvidia-cuda-runtime,QmfMrTUMd8nkkNEoapPdNCHQFbkqtRYWwE26Vr499VeAuS
65536,27786,3,77,0,1,0,216.087890625,216.017578125,nvidia-nvvm,QmZq5kbdXTxC8jpvT7eXQtfqZxMWDAaZyY7AZi4xyJsRWV
262144,98665,2,394,4,1,4,1114.361328125,1114.291015625,cuda-toolkit,QmbKHvHehi9996kdvqdaNidtkCBFqfbt1VgNmZWYKDQemH
65536,27804,2,76,0,1,0,216.087890625,216.017578125,nvidia-nvjitlink,QmaZjwRvHgBaYN344U9qb32UqJqELCBVrX4keWxjYz7Nnr
262144,137466,1,875,7,1,12,3138.0546875,3137.984375,numba-cuda,QmfQMYvuuTTnj7vmQPnVmzxTPAtTa6ot2LC2CFxK6MY2aH
65536,27992,1,32,0,1,0,216.087890625,216.017578125,numexpr,QmUQWz7GVQ9yTysSqRJ8FNtfs7X4ba3454MsGm4XhGJBwc
65536,27769,1,79,0,1,0,216.087890625,216.017578125,numpy,QmTyRyXQjFFYcv8kfoJSDdgQPeexV6NtbmQoVDcMmWPTN2
65536,27769,1,76,0,1,0,216.087890625,216.017578125,numpy,QmWqzMEZxemYEgHKe6zY8buVsKh5fDCttwbxkwkHKSS7yh
131072,66954,5,231,2,3,2,670.755859375,670.685546875,lightning-utilities,QmZdDptroWzJ2Fg7aJy8Bi3yncvCqJTWAaUzEKnNetQg6s
131072,66746,4,382,2,2,3,1125.423828125,1125.353515625,torchmetrics,QmXsZJETL34JbNx8REp4rYuB4dS53accMMphb2CdtpaDap
262144,137361,3,1265,7,1,16,6059.646484375,6059.576171875,pytorch-lightning,QmYAtBphoG2cGHuZVk8bZtSuuxz9EMLL28emXrosA1eHTx
262144,156696,2,1961,8,1,17,12119.2890625,12119.21875,lightning,QmPhpyP3ndgzGWosBneVMZPMPhCBxrP5Sei8pR8KSDWuBN
65536,27992,4,32,0,3,0,216.087890625,216.017578125,strenum,QmbGAgR4tqWCek7jScqp4UNAR48VR7JQRF2w7b6ukyv4Qg
65536,27577,4,32,0,1,0,216.087890625,216.017578125,toml,QmVPFz6AuXJ931d68HGTsvT5bbk7gSMPzxg52PbeSFdtJZ
262144,111880,3,867,5,2,8,2705.88671875,2705.81640625,nv-one-logger-core,QmSWnKvHSP23bAvSwdJVnYh5RXjwJHyjxP3x2YLBWX5HX8
131072,79551,2,980,3,1,9,3376.638671875,3376.568359375,nv-one-logger-training-telemetry,QmUmUEYpGTUT6S3dp5Ce4YKT5qt5x4PVwXHh85zcSoh3rp
262144,111942,1,3042,5,1,28,18883.99609375,18883.92578125,nv-one-logger-pytorch-lightning-integration,QmdPCD3StNSSYPR4NXaa8UUsgVXqd5sfMET9USUFGXWKnQ
65536,27577,1,32,0,1,0,216.087890625,216.017578125,nvidia-cublas-cu12,QmPRtxZddj4sjAaQ3AaEQn8krNLo8nte5KR3PvyM4vXG1T
65536,28026,1,34,0,1,0,216.087890625,216.017578125,nvidia-cuda-cupti-cu12,QmQ7uyxgS2KKzcaA6Q21yDQqsC92ATkfBjyU2x7Jqs2vSU
65536,28026,1,75,0,1,0,216.087890625,216.017578125,nvidia-cuda-nvrtc-cu12,QmcCY2YssXchSVyjyrsYFg9h3pZJ7zCXNwD8sZUMHZ6LX5
65536,27822,1,70,0,1,0,216.087890625,216.017578125,nvidia-cuda-runtime-cu12,QmYfBH4M6SqaSNc6G6DK2F6qGtqQzhUN6XCk5vPQtCktTe
65536,27770,1,70,0,1,0,216.087890625,216.017578125,nvidia-cudnn-cu12,QmbY8eb3vUQ3CEEXQtzBePP9A9gDiKDYCqaSE1pUjTFyHo
65536,27792,1,75,0,1,0,216.087890625,216.017578125,nvidia-cufft-cu12,QmfKCXiC6H8ieYN75ZULqW68fnmp27hUp7fbTmvBpayeL3
65536,27577,1,75,0,1,0,216.087890625,216.017578125,nvidia-cufile-cu12,Qmd81zBoGtRM3HhefxzAAuPyJCHaUSa2mYpRGSWjLY68i3
65536,27983,1,76,0,1,0,216.087890625,216.017578125,nvidia-curand-cu12,QmSVRWDEC7fXDqdM3wgnXmUZNWaLnfSqEHhzYr18tXJeBS
65536,27802,1,76,0,1,0,216.087890625,216.017578125,nvidia-cusolver-cu12,QmTQVb9wxgYK95kP5WVVGLMf8GRLVaGAhsCdCURQg2H29Z
65536,27621,1,76,0,1,0,216.087890625,216.017578125,nvidia-cusparse-cu12,QmZRPmmdrL7i7RZ8RSGX6qbsFewWfb6zCJCZY4SML57xMi
65536,27602,1,74,0,1,0,216.087890625,216.017578125,nvidia-nccl-cu12,QmQmr9ezJfNYZdo1WnPRmM6gnKvVg7uuxLqsUsjusec8Ad
65536,28016,1,70,0,1,0,216.087890625,216.017578125,nvidia-nvjitlink-cu12,QmP1VMYsowKLwVdqwDurF8SP5Tmz8S4tKptMDkTZx7iPiP
65536,28017,1,86,0,1,0,216.087890625,216.017578125,nvidia-nvshmem-cu12,QmabiCwsoy63bKZ6R7bErxHGhYtdepScSH1d3aGbjBHVeR
65536,27804,1,76,0,1,0,216.087890625,216.017578125,nvidia-nvtx-cu12,QmVmWGunzBnwjJ1hMVWgPV6YFHTS6mVj6whZs9S2JXzxGo
131072,47597,3,156,1,1,1,454.671875,454.6015625,accessible-pygments,QmYKw7DxvWehpwxdWUC2kVGoP3pXfgrqWaEf7m76EFB6mc
65536,27972,3,75,0,1,0,216.087890625,216.017578125,babel,QmfUzC1P1ns5Xx59adoHbAMjbKZe1vZfqMS7mhAygMwhk1
262144,111900,2,649,5,1,6,2023.697265625,2023.626953125,pydata-sphinx-theme,QmP6tdUjWBd923hbkL3V3aLR2sNBZaLGzDWgeaC54MxRvC
131072,47402,1,324,1,1,7,2262.28125,2262.2109375,nvidia-sphinx-theme,QmeDDCiBibdyEDNGKkQwzaHuZg32aJEfaFjCFCBGpNuBDB
65536,27779,2,77,0,1,0,216.087890625,216.017578125,ml-dtypes,QmWhupHvxCPx5Q8ZVPAqeALng6pWp8hwpaW6kNkwKE2ETU
131072,79310,1,303,3,1,3,886.83984375,886.76953125,onnx,Qmd7pbZiz6MdKCQ9x419RdTPAKNRNbEXC86XFZNJnbZqdV
65536,27586,2,75,0,1,0,216.087890625,216.017578125,colorlog,QmcsDEYFogQfaS8ZfRNUcgefL3QUPViXNDTQGZGFaXrQC4
262144,124651,1,847,6,1,9,2933.033203125,2932.962890625,optuna,QmWDC7XUwC4pfVMGjymnf5e8H8DjQxAEgvEuGFmCkVALVA
65536,27786,1,36,0,1,0,216.087890625,216.017578125,parameterized,QmWcrZQogk9WwRrTHQwLixNRr14ug3wX9E6HnYNCyrPQve
262144,111874,2,1567,5,1,29,8754.466796875,8754.396484375,accelerate,QmSvefEnGCNFwABXiHMfLLJ6a7dFb6LEcR95ETpSsEoEhV
262144,156390,1,5495,8,1,33,35927.19140625,35927.12109375,peft,QmdFWvJkDuKxYQVnNTwowJ8FNaphbEFHQ6g8RJ7YAheBuD
65536,27792,1,76,0,1,0,216.087890625,216.017578125,pesq,QmaPkJAziQAnApWXfHTaycHzbvLGpoPGdG4vDwfu1yHAVU
65536,27982,1,76,0,1,0,216.087890625,216.017578125,pexpect,QmQQ9dRAdzZzNx7huyXSGvo5ybodWXvBLHK4gBeoML8jG1
65536,27767,1,80,0,1,0,216.087890625,216.017578125,progress,QmWtULL36aDe1BknkUF3tGPt9pVGkgX9RPZ3NJ2vNp9tEa
131072,66749,3,551,2,2,6,1580.091796875,1580.021484375,pyannote-core,QmYS5GH8rQL4tv5F13bEEdxWzNVwsTJxkx7bv6Kai3e76w
131072,79567,2,980,3,1,8,3160.1796875,3160.109375,pyannote-database,QmNn32WawkxPghKZf55FAuvP6kiaV5kdbpVSY6DKFLFrKN
131072,79517,1,1179,3,1,9,6104.271484375,6104.201171875,pyannote-metrics,QmfPD8h1aeXnu7BterT5dF2ZxAL1S36GeSXwdTaTdFf8ND
65536,27991,2,36,0,1,0,216.087890625,216.017578125,pycountry,QmQRpm93QH6kcViCN6R5EZCAnMHYQcjDtdH88ikbBAafsv
131072,79344,1,616,3,1,6,2262.28125,2262.2109375,pydantic-extra-types,QmcYim3M3dSRBC1PgJpQvux5cQrHwc4eenjWWfMVgYcTdm
65536,27972,1,33,0,1,0,216.087890625,216.017578125,pydub,QmeYwao6VD73kDbperN2eYsDB38Wa49bZF92h1Z6mf15G7
65536,27981,1,33,0,1,0,216.087890625,216.017578125,pyloudnorm,QmUNmu4KdzVAGX473asLN5DgvuVLDi2D8YsjHRgGBXV1Za
65536,28001,1,76,0,1,0,216.087890625,216.017578125,pynini,QmWtPG1ii4pjJSYE7CEEFucLQB1By1quRKVxDHApWMJ83k
131072,47581,1,156,1,1,1,454.671875,454.6015625,pyopenjtalk,Qma5GQkjAmf9LyEDafpfjJfbiCQ5pboPmpKqCdu9BLQykR
65536,27586,2,76,0,1,0,216.087890625,216.017578125,pypinyin,QmYHBLVaNMTrHJcYk9NFeUEkJg9kD4Hy3ZFTKkMAVPxojv
131072,47389,1,158,1,1,1,454.671875,454.6015625,pypinyin-dict,QmdXmjXWvsUBbpTQt94jWSfDDQ7id5j46MrqMEBpRK5o1a
65536,27972,1,77,0,1,0,216.087890625,216.017578125,pystoi,QmaGTyKuL7rrk1Ln8urpUzAuEQuwK2D2ugRivbABb9Vd4U
131072,47398,1,233,1,1,2,693.255859375,693.185546875,pytest-httpserver,QmXwUxbfETwZptpb53hqm62gtSiJHPLDh6k231pCqXdqX7
262144,99043,2,383,4,1,4,1114.361328125,1114.291015625,pytest,QmUhR5XKBKQZvwuwefxgGygGNLQpoc31W5JhahuE6W7wkQ
131072,47591,1,464,1,1,5,1352.9453125,1352.875,pytest-mock,QmWuwEKx4o2Qg3syLRRZ86mUtvUm26uiZLV88WzraWzKhq
65536,27786,1,70,0,1,0,216.087890625,216.017578125,pytest-runner,QmcgAg7mL7G3H16PTDJZsyyKgVwKiaKvhKeEj32kduHAyN
65536,27779,1,70,0,1,0,216.087890625,216.017578125,pyyaml-ft,QmcJ3NdXR1Qb7DKu1NL96oi3dodDFWh8vkEDpmZkEpZ1gR
131072,47572,1,215,1,1,2,693.255859375,693.185546875,resampy,QmPRajj2srx74v9Kgx2dF3PnZWSf5ez6NhtRot5GHwCY8T
1048576,707324,0,77,50,1,168,218.056640625,217.986328125,Batch-L0-2,QmbNpRG7VshZGnBYMjmXYqHmPzsDj4cPeZVw9qcYPvCD85
65536,27989,1,70,0,1,0,216.087890625,216.017578125,roman-numerals,QmU1AgUMUs1HkN3EzfvDRiFpXP3FUB5NbzjVzajygN7tmY
65536,27792,2,70,0,1,0,216.087890625,216.017578125,lxml,QmcsQ4XFdvea7BuimUedoNUANL9UiTQ9M9d5FrGKj1frea
65536,27991,2,90,0,1,0,216.087890625,216.017578125,portalocker,QmS2gxZ7sUgVT5BZn8vSaZwxiKMNF8eXRYfnpdDEWBALxq
262144,111727,1,457,5,1,5,1330.4453125,1330.375,sacrebleu,QmRPnmQKBNLHQTpt6EGSx2DG54XiuwciS9SpVhwnMJYABa
262144,99052,1,352,4,1,4,1114.361328125,1114.291015625,sacremoses,QmNrH7z8tHUsNiKSR71bQxpzLsCDTMZFRnStxnoTRGZ2id
65536,27809,1,77,0,1,0,216.087890625,216.017578125,scikit-learn,QmewPrrRSWuQpqXyMTTwEbPQGgqBtUNTHAYydUagb1vAS3
65536,27809,1,76,0,1,0,216.087890625,216.017578125,scikit-learn,QmZzXk9ToELzVX4r9EW9vcBj4wrPkmhUXuoxac8tU7vAew
65536,27972,1,76,0,1,0,216.087890625,216.017578125,scipy,Qmcq5erj57FWywBzSWLt6D6maXFdPiUrcqMQxGsZaZimCi
65536,27972,1,76,0,1,0,216.087890625,216.017578125,scipy,QmTef5TWa8jNER6EhfzQYMb77JNEXKjUpV59UEMzizoRBh
131072,66929,1,770,2,1,12,3365.201171875,3365.130859375,seaborn,QmVhhCD8FgYzBjnK3Mpq83Y5jx8ENZ5iLdtCfeQoScSZpj
65536,27999,1,54,0,1,0,216.087890625,216.017578125,snowballstemmer,QmfKLXAKZFJxvcziwn5xJixWk3A9ucTP3VUoqVuBj1XXoj
131072,47563,1,155,1,1,1,454.671875,454.6015625,sox,QmSaRyHtASpT5m5F9kktYjnUpfgv67vEcPLtF2S9DmJ8h7
65536,27972,1,76,0,1,0,216.087890625,216.017578125,sphinx,QmcSsgtqsTHpdQ5iccH98jnUZkuepNG9V2j7YEvmKMPrNb
65536,27972,1,76,0,1,0,216.087890625,216.017578125,sphinx,Qmavs2mMDqQ4BH6M2U2kovwrmSQVpQi8qwTsqMvt29XF4Q
65536,27972,1,76,0,1,0,216.087890625,216.017578125,sphinx,QmNZA7k6HynWq1AKb8bdLTRrGxji9GzrPyVMbhU1BbV52k
65536,27792,1,76,0,1,0,216.087890625,216.017578125,sphinx-autobuild,QmckL7yi9bLSpxREin5eWxw5N6WTS2dJZvsvP35vwEFrdt
65536,27792,1,75,0,1,0,216.087890625,216.017578125,sphinx-autobuild,QmZDjXwPmnYYAoA31VqsaNGj5nDLmCievVqHUKNWozmD2t
65536,27992,2,79,0,1,0,216.087890625,216.017578125,astroid,QmR1iXpWvjkMkQYUgJWnYc8tmakFkCh7k3d9WcweYfjR2j
131072,66936,1,230,2,1,2,670.755859375,670.685546875,sphinx-autodoc2,QmNQ63Hh3QnpL3dE4i7K4h8GmGXVYDAXrvsMb7CDdyzjbM
65536,27795,1,76,0,1,0,216.087890625,216.017578125,sphinx-copybutton,QmeLPzn4quUwo5J3nxycdKB5N614hF622v98KEKfVEVuBK
65536,28016,1,76,0,1,0,216.087890625,216.017578125,sphinxcontrib-applehelp,Qmd5E8PtmaXNsChD7NqgcacCGdEJywuJ1LURm2ZByLRZvJ
65536,27981,4,76,0,1,0,216.087890625,216.017578125,latexcodec,QmPvuF5RoxC63mx8cad7NbFFJBYzu6MuexiGQkDyq9P6uW
131072,66919,3,233,2,2,2,670.755859375,670.685546875,pybtex,QmWwEEERzcv316TVwp4aGuxPEVwPeke3f8KLEjiy15BMb1
131072,47589,2,307,1,1,3,909.33984375,909.26953125,pybtex-docutils,Qmej17bxmAr3Yv1DUR4oKaoYomJXyRNqxzyrsxehpq6vWt
131072,66763,1,609,2,1,4,1818.67578125,1818.60546875,sphinxcontrib-bibtex,QmUdvk62kCoHypr7aH84z8vv6yrVEbmavkmZUWsmXLsRzv
65536,27803,1,75,0,1,0,216.087890625,216.017578125,sphinxcontrib-devhelp,QmYsY8TZeV7LzB4sCsjQ5uBqBsGAtUJYyp3LfgjYLgYnUm
65536,28006,1,76,0,1,0,216.087890625,216.017578125,sphinxcontrib-htmlhelp,QmRNiXBrWENW35HkR5cQyiZ4nZM1tZFJMjny4tuGpqESJU
65536,27826,1,75,0,1,0,216.087890625,216.017578125,sphinxcontrib-jsmath,QmVBkwjJWPjS6dYbYF5p1XQXmLszviA59sNeaJwWk2caf7
131072,66766,1,308,2,1,3,909.33984375,909.26953125,sphinxcontrib-mermaid,QmfTEbDHstRDRt2Zk1cNsK5oK1rcMvcWAK7DKqntyXmzJU
65536,27826,1,76,0,1,0,216.087890625,216.017578125,sphinxcontrib-qthelp,QmVC2CfXjLDuqMdy72WiF6A9aSpor8XEJ4DYQqtHJAWekm
65536,27820,1,78,0,1,0,216.087890625,216.017578125,sphinxcontrib-serializinghtml,QmQGzVdpHEwMsZtTiSLF16pzc2FA3D3EN2aKy1NbscdzF1
65536,28017,1,84,0,1,0,216.087890625,216.017578125,sphinxext-opengraph,QmWQMv5Rpx9KtWDJV5bc4dqmmdxPafi3RVzs77V7hSZd94
65536,27989,1,76,0,1,0,216.087890625,216.017578125,standard-aifc,QmatmZ4vMtL9KBotLbzWBUP17KjjS9e5LnWqwNM8hdE5w1
65536,27999,1,75,0,1,0,216.087890625,216.017578125,standard-chunk,QmSvyNzyi4WwidJyQAYPQvJHsocbvcSewLhiAQBEop1Bk5
65536,27999,1,70,0,1,0,216.087890625,216.017578125,standard-sunau,QmSSJLaRJVYr3EAtj3JvGbUScN4QjyLV32GQs79JY1uWJc
131072,47572,2,141,1,1,1,454.671875,454.6015625,grpcio,QmSwxTKWwt3v1BRYFnzkQ4GVj9mrLrbch7PoUA1ddrsft2
65536,27586,2,76,0,1,0,216.087890625,216.017578125,markdown,QmU4UkKWMyhCjfCSae8j7HD4yzQr492MR17pdNA6eu4hVa
65536,28016,2,76,0,1,0,216.087890625,216.017578125,tensorboard-data-server,QmSb8yJ8yhUGyAjjUqV2Ue5M5BbcHL93jkYJepfbYXs8aW
262144,169610,1,827,9,1,11,2671.94921875,2671.87890625,tensorboard,QmXbpqhuJjEdhpF7PEU1nxAnG58dDeKe1pwgkJrqCqtdFR
65536,28000,1,33,0,1,0,216.087890625,216.017578125,text-unidecode,QmfWF92UsJF5KyNx5RgszojoQTuBN5xJGXezxsWR1UD7KN
65536,27809,1,31,0,1,0,216.087890625,216.017578125,textdistance,QmaNuRbXViyUVcJG3j82tuw1mqYWwNgBAJTYcBV6q1ccFu
131072,66523,1,428,2,1,6,1569.029296875,1568.958984375,tiktoken,QmdEbU7WTh1VNegUk9YSTDizFpcpewyKvYUdigaiddetFr
65536,27769,1,76,0,1,0,216.087890625,216.017578125,tomli,QmZ9CwmXBGZ47WfPfTRzGHjbQupAUyZXNy7kki59ECDsho
65536,27972,1,77,0,1,0,216.087890625,216.017578125,torch,QmasBf2ELqv4t6H4LjgjA8ienzVpgyMprCoMwkCT1E4ZQU
65536,27991,1,77,0,1,0,216.087890625,216.017578125,torch,QmUKSC9yTxaRTm4QQMdxfGXZKXfRjdHBPytHPpM5QMRj1N
65536,27776,1,77,0,1,0,216.087890625,216.017578125,torch,QmcTCkgmexAb6AfqeLw7uCQbVcrPM6hd4U4Sa1yDSaHnRR
65536,27972,1,76,0,1,0,216.087890625,216.017578125,triton,Qmf71ydfu8UWN9cJVoUjGz9RLN6BgUG3fa7k9dkvZL6j7M
65536,27767,1,76,0,1,0,216.087890625,216.017578125,waitress,Qmbw5MkUtPfFydwKCbSTVHHEqtjM1obx27MokBuLt9TuCy
131072,47571,1,232,1,1,2,693.255859375,693.185546875,watchfiles,QmPy32f8MKM11uzMR9FbiSZNFV6Xi85Xr2jr2EG9RATbgA
65536,27991,2,77,0,1,0,216.087890625,216.017578125,braceexpand,QmSYRAG3Y2MRhnFZ7Dy3V6sA422okdZiT6phBcZyEQgpn9
131072,66918,1,231,2,1,2,670.755859375,670.685546875,webdataset,QmSJHy5vDcL3wXaYLXa1D6Kt2RWi1vW4HDZmBhFvA1fmf7
65536,27587,1,76,0,1,0,216.087890625,216.017578125,websockets,QmQB2BgPb76bBomb2soqqYZ2iGMHJy6zL4n8zfQ3vmH5Qx
65536,27771,1,76,0,1,0,216.087890625,216.017578125,wget,QmNrwqjDJUKPdChG7Wh1iyQyqoR935QEYX86LrBGetBmyF
65536,27784,2,76,0,1,0,216.087890625,216.017578125,indic-numtowords,QmXERXTiwUVyQ4kwi6Moqyuipej1CCn9pcKNRkHjH1EUQS
131072,79740,1,301,3,1,3,886.83984375,886.76953125,whisper-normalizer,QmVtwKRsd1Z2fTZ22aL6kbLuKZriTFSBZkrKc2XKxdmKdY
1048576,681512,0,77,48,1,96,218.056640625,217.986328125,Batch-L0-3,QmUZHmpGEu5DdoQNzECyFv5p3m4kRUHL6BNnJVLTcMUDC7
131072,79271,0,307,3,0,354,892.2978515625,892.2275390625,NeMo,QmcPc7jhysxwvgJGrHV9qFS5tuVaLMw434xNgxVUykHHEJ
